Series_reference,Period,Data_value,STATUS,UNITS,MAGNTUDE,Subject,Series_title_1,Series_title_2,Series_title_3,Series_title_4,Series_title_5
SNEA.SG02NAC14P30A01E,1988.03,5044,FINAL,Dollars,6,National Accounts - SNA 2008 - SNE,Final Consumption Expenditure,Food and nonalcoholic beverages,Households,,
SNEA.SG02NAC14P30A01E,1989.03,5371,FINAL,Dollars,6,National Accounts - SNA 2008 - SNE,Final Consumption Expenditure,Food and nonalcoholic beverages,Households,,
SNEA.SG02NAC14P30A01E,1990.03,5865,FINAL,Dollars,6,National Accounts - SNA 2008 - SNE,Final Consumption Expenditure,Food and nonalcoholic beverages,Households,,
SNEA.SG02NAC14P30A01E,1991.03,6341,FINAL,Dollars,6,National Accounts - SNA 2008 - SNE,Final Consumption Expenditure,Food and nonalcoholic beverages,Households,,
SNEA.SG02NAC14P30A01E,1992.03,6363,FINAL,Dollars,6,National Accounts - SNA 2008 - SNE,Final Consumption Expenditure,Food and nonalcoholic beverages,Households,,
SNEA.SG02NAC14P30A01E,1993.03,6591,FINAL,Dollars,6,National Accounts - SNA 2008 - SNE,Final Consumption Expenditure,Food and nonalcoholic beverages,Households,,
SNEA.SG02NAC14P30A01E,1994.03,6742,FINAL,Dollars,6,National Accounts - SNA 2008 - SNE,Final Consumption Expenditure,Food and nonalcoholic beverages,Households,,
SNEA.SG02NAC14P30A01E,1995.03,7223,FINAL,Dollars,6,National Accounts - SNA 2008 - SNE,Final Consumption Expenditure,Food and nonalcoholic beverages,Households,,
SNEA.SG02NAC14P30A01E,1996.03,7571,FINAL,Dollars,6,National Accounts - SNA 2008 - SNE,Final Consumption Expenditure,Food and nonalcoholic beverages,Households,,
SNEA.SG02NAC14P30A01E,1997.03,8002,FINAL,Dollars,6,National Accounts - SNA 2008 - SNE,Final Consumption Expenditure,Food and nonalcoholic beverages,Households,,
SNEA.SG02NAC14P30A01E,1998.03,8298,FINAL,Dollars,6,National Accounts - SNA 2008 - SNE,Final Consumption Expenditure,Food and nonalcoholic beverages,Households,,
SNEA.SG02NAC14P30A01E,1999.03,8653,FINAL,Dollars,6,National Accounts - SNA 2008 - SNE,Final Consumption Expenditure,Food and nonalcoholic beverages,Households,,
SNEA.SG02NAC14P30A01E,2000.03,9018,FINAL,Dollars,6,National Accounts - SNA 2008 - SNE,Final Consumption Expenditure,Food and nonalcoholic beverages,Households,,
SNEA.SG02NAC14P30A01E,2001.03,9492,FINAL,Dollars,6,National Accounts - SNA 2008 - SNE,Final Consumption Expenditure,Food and nonalcoholic beverages,Households,,
SNEA.SG02NAC14P30A01E,2002.03,10108,FINAL,Dollars,6,National Accounts - SNA 2008 - SNE,Final Consumption Expenditure,Food and nonalcoholic beverages,Households,,
SNEA.SG02NAC14P30A01E,2003.03,10988,FINAL,Dollars,6,National Accounts - SNA 2008 - SNE,Final Consumption Expenditure,Food and nonalcoholic beverages,Households,,
SNEA.SG02NAC14P30A01E,2004.03,11745,FINAL,Dollars,6,National Accounts - SNA 2008 - SNE,Final Consumption Expenditure,Food and nonalcoholic beverages,Households,,
SNEA.SG02NAC14P30A01E,2005.03,12260,FINAL,Dollars,6,National Accounts - SNA 2008 - SNE,Final Consumption Expenditure,Food and nonalcoholic beverages,Households,,
SNEA.SG02NAC14P30A01E,2006.03,13034,FINAL,Dollars,6,National Accounts - SNA 2008 - SNE,Final Consumption Expenditure,Food and nonalcoholic beverages,Households,,
SNEA.SG02NAC14P30A01E,2007.03,13866,FINAL,Dollars,6,National Accounts - SNA 2008 - SNE,Final Consumption Expenditure,Food and nonalcoholic beverages,Households,,
SNEA.SG02NAC14P30A01E,2008.03,14708,FINAL,Dollars,6,National Accounts - SNA 2008 - SNE,Final Consumption Expenditure,Food and nonalcoholic beverages,Households,,
SNEA.SG02NAC14P30A01E,2009.03,15497,FINAL,Dollars,6,National Accounts - SNA 2008 - SNE,Final Consumption Expenditure,Food and nonalcoholic beverages,Households,,
SNEA.SG02NAC14P30A01E,2010.03,16558,FINAL,Dollars,6,National Accounts - SNA 2008 - SNE,Final Consumption Expenditure,Food and nonalcoholic beverages,Households,,
SNEA.SG02NAC14P30A01E,2011.03,17094,FINAL,Dollars,6,National Accounts - SNA 2008 - SNE,Final Consumption Expenditure,Food and nonalcoholic beverages,Households,,
SNEA.SG02NAC14P30A01E,2012.03,17953,FINAL,Dollars,6,National Accounts - SNA 2008 - SNE,Final Consumption Expenditure,Food and nonalcoholic beverages,Households,,
SNEA.SG02NAC14P30A01E,2013.03,18069,FINAL,Dollars,6,National Accounts - SNA 2008 - SNE,Final Consumption Expenditure,Food and nonalcoholic beverages,Households,,
SNEA.SG02NAC14P30A01E,2014.03,18583,FINAL,Dollars,6,National Accounts - SNA 2008 - SNE,Final Consumption Expenditure,Food and nonalcoholic beverages,Households,,
SNEA.SG02NAC14P30A01E,2015.03,19133,FINAL,Dollars,6,National Accounts - SNA 2008 - SNE,Final Consumption Expenditure,Food and nonalcoholic beverages,Households,,
SNEA.SG02NAC14P30A01E,2016.03,19917,FINAL,Dollars,6,National Accounts - SNA 2008 - SNE,Final Consumption Expenditure,Food and nonalcoholic beverages,Households,,
SNEA.SG02NAC14P30A01E,2017.03,20768,FINAL,Dollars,6,National Accounts - SNA 2008 - SNE,Final Consumption Expenditure,Food and nonalcoholic beverages,Households,,
SNEA.SG02NAC14P30A01E,2018.03,22084,FINAL,Dollars,6,National Accounts - SNA 2008 - SNE,Final Consumption Expenditure,Food and nonalcoholic beverages,Households,,
SNEA.SG02NAC14P30A01E,2019.03,22775,REVISED,Dollars,6,National Accounts - SNA 2008 - SNE,Final Consumption Expenditure,Food and nonalcoholic beverages,Households,,
SNEA.SG02NAC14P30A01E,2020.03,23535,REVISED,Dollars,6,National Accounts - SNA 2008 - SNE,Final Consumption Expenditure,Food and nonalcoholic beverages,Households,,
SNEA.SG02NAC14P30A01E,2021.03,23888,REVISED,Dollars,6,National Accounts - SNA 2008 - SNE,Final Consumption Expenditure,Food and nonalcoholic beverages,Households,,
SNEA.SG02NAC14P30A02E,1988.03,2054,FINAL,Dollars,6,National Accounts - SNA 2008 - SNE,Final Consumption Expenditure,"Alcoholic beverages, tobacco and illicit drugs",Households,,
SNEA.SG02NAC14P30A02E,1989.03,2196,FINAL,Dollars,6,National Accounts - SNA 2008 - SNE,Final Consumption Expenditure,"Alcoholic beverages, tobacco and illicit drugs",Households,,
SNEA.SG02NAC14P30A02E,1990.03,2418,FINAL,Dollars,6,National Accounts - SNA 2008 - SNE,Final Consumption Expenditure,"Alcoholic beverages, tobacco and illicit drugs",Households,,
SNEA.SG02NAC14P30A02E,1991.03,2733,FINAL,Dollars,6,National Accounts - SNA 2008 - SNE,Final Consumption Expenditure,"Alcoholic beverages, tobacco and illicit drugs",Households,,
SNEA.SG02NAC14P30A02E,1992.03,2719,FINAL,Dollars,6,National Accounts - SNA 2008 - SNE,Final Consumption Expenditure,"Alcoholic beverages, tobacco and illicit drugs",Households,,
SNEA.SG02NAC14P30A02E,1993.03,2744,FINAL,Dollars,6,National Accounts - SNA 2008 - SNE,Final Consumption Expenditure,"Alcoholic beverages, tobacco and illicit drugs",Households,,
SNEA.SG02NAC14P30A02E,1994.03,2795,FINAL,Dollars,6,National Accounts - SNA 2008 - SNE,Final Consumption Expenditure,"Alcoholic beverages, tobacco and illicit drugs",Households,,
SNEA.SG02NAC14P30A02E,1995.03,2791,FINAL,Dollars,6,National Accounts - SNA 2008 - SNE,Final Consumption Expenditure,"Alcoholic beverages, tobacco and illicit drugs",Households,,
SNEA.SG02NAC14P30A02E,1996.03,2958,FINAL,Dollars,6,National Accounts - SNA 2008 - SNE,Final Consumption Expenditure,"Alcoholic beverages, tobacco and illicit drugs",Households,,
SNEA.SG02NAC14P30A02E,1997.03,3040,FINAL,Dollars,6,National Accounts - SNA 2008 - SNE,Final Consumption Expenditure,"Alcoholic beverages, tobacco and illicit drugs",Households,,
SNEA.SG02NAC14P30A02E,1998.03,3135,FINAL,Dollars,6,National Accounts - SNA 2008 - SNE,Final Consumption Expenditure,"Alcoholic beverages, tobacco and illicit drugs",Households,,
SNEA.SG02NAC14P30A02E,1999.03,3372,FINAL,Dollars,6,National Accounts - SNA 2008 - SNE,Final Consumption Expenditure,"Alcoholic beverages, tobacco and illicit drugs",Households,,
SNEA.SG02NAC14P30A02E,2000.03,3451,FINAL,Dollars,6,National Accounts - SNA 2008 - SNE,Final Consumption Expenditure,"Alcoholic beverages, tobacco and illicit drugs",Households,,
SNEA.SG02NAC14P30A02E,2001.03,3689,FINAL,Dollars,6,National Accounts - SNA 2008 - SNE,Final Consumption Expenditure,"Alcoholic beverages, tobacco and illicit drugs",Households,,
SNEA.SG02NAC14P30A02E,2002.03,4012,FINAL,Dollars,6,National Accounts - SNA 2008 - SNE,Final Consumption Expenditure,"Alcoholic beverages, tobacco and illicit drugs",Households,,
SNEA.SG02NAC14P30A02E,2003.03,4197,FINAL,Dollars,6,National Accounts - SNA 2008 - SNE,Final Consumption Expenditure,"Alcoholic beverages, tobacco and illicit drugs",Households,,
SNEA.SG02NAC14P30A02E,2004.03,4315,FINAL,Dollars,6,National Accounts - SNA 2008 - SNE,Final Consumption Expenditure,"Alcoholic beverages, tobacco and illicit drugs",Households,,
SNEA.SG02NAC14P30A02E,2005.03,4385,FINAL,Dollars,6,National Accounts - SNA 2008 - SNE,Final Consumption Expenditure,"Alcoholic beverages, tobacco and illicit drugs",Households,,
SNEA.SG02NAC14P30A02E,2006.03,4716,FINAL,Dollars,6,National Accounts - SNA 2008 - SNE,Final Consumption Expenditure,"Alcoholic beverages, tobacco and illicit drugs",Households,,
SNEA.SG02NAC14P30A02E,2007.03,5055,FINAL,Dollars,6,National Accounts - SNA 2008 - SNE,Final Consumption Expenditure,"Alcoholic beverages, tobacco and illicit drugs",Households,,
SNEA.SG02NAC14P30A02E,2008.03,5260,FINAL,Dollars,6,National Accounts - SNA 2008 - SNE,Final Consumption Expenditure,"Alcoholic beverages, tobacco and illicit drugs",Households,,
SNEA.SG02NAC14P30A02E,2009.03,5336,FINAL,Dollars,6,National Accounts - SNA 2008 - SNE,Final Consumption Expenditure,"Alcoholic beverages, tobacco and illicit drugs",Households,,
SNEA.SG02NAC14P30A02E,2010.03,5569,FINAL,Dollars,6,National Accounts - SNA 2008 - SNE,Final Consumption Expenditure,"Alcoholic beverages, tobacco and illicit drugs",Households,,
SNEA.SG02NAC14P30A02E,2011.03,5810,FINAL,Dollars,6,National Accounts - SNA 2008 - SNE,Final Consumption Expenditure,"Alcoholic beverages, tobacco and illicit drugs",Households,,
SNEA.SG02NAC14P30A02E,2012.03,5949,FINAL,Dollars,6,National Accounts - SNA 2008 - SNE,Final Consumption Expenditure,"Alcoholic beverages, tobacco and illicit drugs",Households,,
SNEA.SG02NAC14P30A02E,2013.03,6147,FINAL,Dollars,6,National Accounts - SNA 2008 - SNE,Final Consumption Expenditure,"Alcoholic beverages, tobacco and illicit drugs",Households,,
SNEA.SG02NAC14P30A02E,2014.03,6370,FINAL,Dollars,6,National Accounts - SNA 2008 - SNE,Final Consumption Expenditure,"Alcoholic beverages, tobacco and illicit drugs",Households,,
SNEA.SG02NAC14P30A02E,2015.03,6851,FINAL,Dollars,6,National Accounts - SNA 2008 - SNE,Final Consumption Expenditure,"Alcoholic beverages, tobacco and illicit drugs",Households,,
SNEA.SG02NAC14P30A02E,2016.03,7332,FINAL,Dollars,6,National Accounts - SNA 2008 - SNE,Final Consumption Expenditure,"Alcoholic beverages, tobacco and illicit drugs",Households,,
SNEA.SG02NAC14P30A02E,2017.03,8077,FINAL,Dollars,6,National Accounts - SNA 2008 - SNE,Final Consumption Expenditure,"Alcoholic beverages, tobacco and illicit drugs",Households,,
SNEA.SG02NAC14P30A02E,2018.03,8516,FINAL,Dollars,6,National Accounts - SNA 2008 - SNE,Final Consumption Expenditure,"Alcoholic beverages, tobacco and illicit drugs",Households,,
SNEA.SG02NAC14P30A02E,2019.03,8840,REVISED,Dollars,6,National Accounts - SNA 2008 - SNE,Final Consumption Expenditure,"Alcoholic beverages, tobacco and illicit drugs",Households,,
SNEA.SG02NAC14P30A02E,2020.03,9725,REVISED,Dollars,6,National Accounts - SNA 2008 - SNE,Final Consumption Expenditure,"Alcoholic beverages, tobacco and illicit drugs",Households,,
SNEA.SG02NAC14P30A02E,2021.03,9858,REVISED,Dollars,6,National Accounts - SNA 2008 - SNE,Final Consumption Expenditure,"Alcoholic beverages, tobacco and illicit drugs",Households,,
SNEA.SG02NAC14P30A03E,1988.03,2113,FINAL,Dollars,6,National Accounts - SNA 2008 - SNE,Final Consumption Expenditure,Clothing and footwear,Households,,
SNEA.SG02NAC14P30A03E,1989.03,2062,FINAL,Dollars,6,National Accounts - SNA 2008 - SNE,Final Consumption Expenditure,Clothing and footwear,Households,,
SNEA.SG02NAC14P30A03E,1990.03,2247,FINAL,Dollars,6,National Accounts - SNA 2008 - SNE,Final Consumption Expenditure,Clothing and footwear,Households,,
SNEA.SG02NAC14P30A03E,1991.03,2275,FINAL,Dollars,6,National Accounts - SNA 2008 - SNE,Final Consumption Expenditure,Clothing and footwear,Households,,
SNEA.SG02NAC14P30A03E,1992.03,2209,FINAL,Dollars,6,National Accounts - SNA 2008 - SNE,Final Consumption Expenditure,Clothing and footwear,Households,,
SNEA.SG02NAC14P30A03E,1993.03,2239,FINAL,Dollars,6,National Accounts - SNA 2008 - SNE,Final Consumption Expenditure,Clothing and footwear,Households,,
SNEA.SG02NAC14P30A03E,1994.03,2342,FINAL,Dollars,6,National Accounts - SNA 2008 - SNE,Final Consumption Expenditure,Clothing and footwear,Households,,
SNEA.SG02NAC14P30A03E,1995.03,2474,FINAL,Dollars,6,National Accounts - SNA 2008 - SNE,Final Consumption Expenditure,Clothing and footwear,Households,,
SNEA.SG02NAC14P30A03E,1996.03,2446,FINAL,Dollars,6,National Accounts - SNA 2008 - SNE,Final Consumption Expenditure,Clothing and footwear,Households,,
SNEA.SG02NAC14P30A03E,1997.03,2601,FINAL,Dollars,6,National Accounts - SNA 2008 - SNE,Final Consumption Expenditure,Clothing and footwear,Households,,
SNEA.SG02NAC14P30A03E,1998.03,2751,FINAL,Dollars,6,National Accounts - SNA 2008 - SNE,Final Consumption Expenditure,Clothing and footwear,Households,,
SNEA.SG02NAC14P30A03E,1999.03,2767,FINAL,Dollars,6,National Accounts - SNA 2008 - SNE,Final Consumption Expenditure,Clothing and footwear,Households,,
SNEA.SG02NAC14P30A03E,2000.03,2948,FINAL,Dollars,6,National Accounts - SNA 2008 - SNE,Final Consumption Expenditure,Clothing and footwear,Households,,
SNEA.SG02NAC14P30A03E,2001.03,3088,FINAL,Dollars,6,National Accounts - SNA 2008 - SNE,Final Consumption Expenditure,Clothing and footwear,Households,,
SNEA.SG02NAC14P30A03E,2002.03,3236,FINAL,Dollars,6,National Accounts - SNA 2008 - SNE,Final Consumption Expenditure,Clothing and footwear,Households,,
SNEA.SG02NAC14P30A03E,2003.03,3376,FINAL,Dollars,6,National Accounts - SNA 2008 - SNE,Final Consumption Expenditure,Clothing and footwear,Households,,
SNEA.SG02NAC14P30A03E,2004.03,3498,FINAL,Dollars,6,National Accounts - SNA 2008 - SNE,Final Consumption Expenditure,Clothing and footwear,Households,,
SNEA.SG02NAC14P30A03E,2005.03,3727,FINAL,Dollars,6,National Accounts - SNA 2008 - SNE,Final Consumption Expenditure,Clothing and footwear,Households,,
SNEA.SG02NAC14P30A03E,2006.03,4059,FINAL,Dollars,6,National Accounts - SNA 2008 - SNE,Final Consumption Expenditure,Clothing and footwear,Households,,
SNEA.SG02NAC14P30A03E,2007.03,4230,FINAL,Dollars,6,National Accounts - SNA 2008 - SNE,Final Consumption Expenditure,Clothing and footwear,Households,,
SNEA.SG02NAC14P30A03E,2008.03,4379,FINAL,Dollars,6,National Accounts - SNA 2008 - SNE,Final Consumption Expenditure,Clothing and footwear,Households,,
SNEA.SG02NAC14P30A03E,2009.03,4468,FINAL,Dollars,6,National Accounts - SNA 2008 - SNE,Final Consumption Expenditure,Clothing and footwear,Households,,
SNEA.SG02NAC14P30A03E,2010.03,4664,FINAL,Dollars,6,National Accounts - SNA 2008 - SNE,Final Consumption Expenditure,Clothing and footwear,Households,,
SNEA.SG02NAC14P30A03E,2011.03,4878,FINAL,Dollars,6,National Accounts - SNA 2008 - SNE,Final Consumption Expenditure,Clothing and footwear,Households,,
SNEA.SG02NAC14P30A03E,2012.03,5013,FINAL,Dollars,6,National Accounts - SNA 2008 - SNE,Final Consumption Expenditure,Clothing and footwear,Households,,
SNEA.SG02NAC14P30A03E,2013.03,5197,FINAL,Dollars,6,National Accounts - SNA 2008 - SNE,Final Consumption Expenditure,Clothing and footwear,Households,,
SNEA.SG02NAC14P30A03E,2014.03,5340,FINAL,Dollars,6,National Accounts - SNA 2008 - SNE,Final Consumption Expenditure,Clothing and footwear,Households,,
SNEA.SG02NAC14P30A03E,2015.03,5428,FINAL,Dollars,6,National Accounts - SNA 2008 - SNE,Final Consumption Expenditure,Clothing and footwear,Households,,
SNEA.SG02NAC14P30A03E,2016.03,5623,FINAL,Dollars,6,National Accounts - SNA 2008 - SNE,Final Consumption Expenditure,Clothing and footwear,Households,,
SNEA.SG02NAC14P30A03E,2017.03,5843,FINAL,Dollars,6,National Accounts - SNA 2008 - SNE,Final Consumption Expenditure,Clothing and footwear,Households,,
SNEA.SG02NAC14P30A03E,2018.03,6105,FINAL,Dollars,6,National Accounts - SNA 2008 - SNE,Final Consumption Expenditure,Clothing and footwear,Households,,
SNEA.SG02NAC14P30A03E,2019.03,6461,REVISED,Dollars,6,National Accounts - SNA 2008 - SNE,Final Consumption Expenditure,Clothing and footwear,Households,,
SNEA.SG02NAC14P30A03E,2020.03,6679,REVISED,Dollars,6,National Accounts - SNA 2008 - SNE,Final Consumption Expenditure,Clothing and footwear,Households,,
SNEA.SG02NAC14P30A03E,2021.03,7036,REVISED,Dollars,6,National Accounts - SNA 2008 - SNE,Final Consumption Expenditure,Clothing and footwear,Households,,
SNEA.SG02NAC14P30A04E,1988.03,8024,FINAL,Dollars,6,National Accounts - SNA 2008 - SNE,Final Consumption Expenditure,Housing and household utilities,Households,,
SNEA.SG02NAC14P30A04E,1989.03,9541,FINAL,Dollars,6,National Accounts - SNA 2008 - SNE,Final Consumption Expenditure,Housing and household utilities,Households,,
SNEA.SG02NAC14P30A04E,1990.03,10299,FINAL,Dollars,6,National Accounts - SNA 2008 - SNE,Final Consumption Expenditure,Housing and household utilities,Households,,
SNEA.SG02NAC14P30A04E,1991.03,11141,FINAL,Dollars,6,National Accounts - SNA 2008 - SNE,Final Consumption Expenditure,Housing and household utilities,Households,,
SNEA.SG02NAC14P30A04E,1992.03,11507,FINAL,Dollars,6,National Accounts - SNA 2008 - SNE,Final Consumption Expenditure,Housing and household utilities,Households,,
SNEA.SG02NAC14P30A04E,1993.03,11552,FINAL,Dollars,6,National Accounts - SNA 2008 - SNE,Final Consumption Expenditure,Housing and household utilities,Households,,
SNEA.SG02NAC14P30A04E,1994.03,11929,FINAL,Dollars,6,National Accounts - SNA 2008 - SNE,Final Consumption Expenditure,Housing and household utilities,Households,,
SNEA.SG02NAC14P30A04E,1995.03,12690,FINAL,Dollars,6,National Accounts - SNA 2008 - SNE,Final Consumption Expenditure,Housing and household utilities,Households,,
SNEA.SG02NAC14P30A04E,1996.03,13886,FINAL,Dollars,6,National Accounts - SNA 2008 - SNE,Final Consumption Expenditure,Housing and household utilities,Households,,
SNEA.SG02NAC14P30A04E,1997.03,14976,FINAL,Dollars,6,National Accounts - SNA 2008 - SNE,Final Consumption Expenditure,Housing and household utilities,Households,,
SNEA.SG02NAC14P30A04E,1998.03,15959,FINAL,Dollars,6,National Accounts - SNA 2008 - SNE,Final Consumption Expenditure,Housing and household utilities,Households,,
SNEA.SG02NAC14P30A04E,1999.03,16676,FINAL,Dollars,6,National Accounts - SNA 2008 - SNE,Final Consumption Expenditure,Housing and household utilities,Households,,
SNEA.SG02NAC14P30A04E,2000.03,17008,FINAL,Dollars,6,National Accounts - SNA 2008 - SNE,Final Consumption Expenditure,Housing and household utilities,Households,,
SNEA.SG02NAC14P30A04E,2001.03,17377,FINAL,Dollars,6,National Accounts - SNA 2008 - SNE,Final Consumption Expenditure,Housing and household utilities,Households,,
SNEA.SG02NAC14P30A04E,2002.03,17634,FINAL,Dollars,6,National Accounts - SNA 2008 - SNE,Final Consumption Expenditure,Housing and household utilities,Households,,
SNEA.SG02NAC14P30A04E,2003.03,18625,FINAL,Dollars,6,National Accounts - SNA 2008 - SNE,Final Consumption Expenditure,Housing and household utilities,Households,,
SNEA.SG02NAC14P30A04E,2004.03,19991,FINAL,Dollars,6,National Accounts - SNA 2008 - SNE,Final Consumption Expenditure,Housing and household utilities,Households,,
SNEA.SG02NAC14P30A04E,2005.03,21475,FINAL,Dollars,6,National Accounts - SNA 2008 - SNE,Final Consumption Expenditure,Housing and household utilities,Households,,
SNEA.SG02NAC14P30A04E,2006.03,22799,FINAL,Dollars,6,National Accounts - SNA 2008 - SNE,Final Consumption Expenditure,Housing and household utilities,Households,,
SNEA.SG02NAC14P30A04E,2007.03,24402,FINAL,Dollars,6,National Accounts - SNA 2008 - SNE,Final Consumption Expenditure,Housing and household utilities,Households,,
SNEA.SG02NAC14P30A04E,2008.03,26044,FINAL,Dollars,6,National Accounts - SNA 2008 - SNE,Final Consumption Expenditure,Housing and household utilities,Households,,
SNEA.SG02NAC14P30A04E,2009.03,27734,FINAL,Dollars,6,National Accounts - SNA 2008 - SNE,Final Consumption Expenditure,Housing and household utilities,Households,,
SNEA.SG02NAC14P30A04E,2010.03,28909,FINAL,Dollars,6,National Accounts - SNA 2008 - SNE,Final Consumption Expenditure,Housing and household utilities,Households,,
SNEA.SG02NAC14P30A04E,2011.03,30271,FINAL,Dollars,6,National Accounts - SNA 2008 - SNE,Final Consumption Expenditure,Housing and household utilities,Households,,
SNEA.SG02NAC14P30A04E,2012.03,31675,FINAL,Dollars,6,National Accounts - SNA 2008 - SNE,Final Consumption Expenditure,Housing and household utilities,Households,,
SNEA.SG02NAC14P30A04E,2013.03,33182,FINAL,Dollars,6,National Accounts - SNA 2008 - SNE,Final Consumption Expenditure,Housing and household utilities,Households,,
SNEA.SG02NAC14P30A04E,2014.03,34659,FINAL,Dollars,6,National Accounts - SNA 2008 - SNE,Final Consumption Expenditure,Housing and household utilities,Households,,
SNEA.SG02NAC14P30A04E,2015.03,36444,FINAL,Dollars,6,National Accounts - SNA 2008 - SNE,Final Consumption Expenditure,Housing and household utilities,Households,,
SNEA.SG02NAC14P30A04E,2016.03,38234,FINAL,Dollars,6,National Accounts - SNA 2008 - SNE,Final Consumption Expenditure,Housing and household utilities,Households,,
SNEA.SG02NAC14P30A04E,2017.03,40288,REVISED,Dollars,6,National Accounts - SNA 2008 - SNE,Final Consumption Expenditure,Housing and household utilities,Households,,
SNEA.SG02NAC14P30A04E,2018.03,42883,REVISED,Dollars,6,National Accounts - SNA 2008 - SNE,Final Consumption Expenditure,Housing and household utilities,Households,,
SNEA.SG02NAC14P30A04E,2019.03,45568,REVISED,Dollars,6,National Accounts - SNA 2008 - SNE,Final Consumption Expenditure,Housing and household utilities,Households,,
SNEA.SG02NAC14P30A04E,2020.03,48362,REVISED,Dollars,6,National Accounts - SNA 2008 - SNE,Final Consumption Expenditure,Housing and household utilities,Households,,
SNEA.SG02NAC14P30A04E,2021.03,50937,REVISED,Dollars,6,National Accounts - SNA 2008 - SNE,Final Consumption Expenditure,Housing and household utilities,Households,,
SNEA.SG02NAC14P30A05E,1988.03,2743,FINAL,Dollars,6,National Accounts - SNA 2008 - SNE,Final Consumption Expenditure,Household contents and services,Households,,
SNEA.SG02NAC14P30A05E,1989.03,2722,FINAL,Dollars,6,National Accounts - SNA 2008 - SNE,Final Consumption Expenditure,Household contents and services,Households,,
SNEA.SG02NAC14P30A05E,1990.03,2813,FINAL,Dollars,6,National Accounts - SNA 2008 - SNE,Final Consumption Expenditure,Household contents and services,Households,,
SNEA.SG02NAC14P30A05E,1991.03,2748,FINAL,Dollars,6,National Accounts - SNA 2008 - SNE,Final Consumption Expenditure,Household contents and services,Households,,
SNEA.SG02NAC14P30A05E,1992.03,2718,FINAL,Dollars,6,National Accounts - SNA 2008 - SNE,Final Consumption Expenditure,Household contents and services,Households,,
SNEA.SG02NAC14P30A05E,1993.03,2888,FINAL,Dollars,6,National Accounts - SNA 2008 - SNE,Final Consumption Expenditure,Household contents and services,Households,,
SNEA.SG02NAC14P30A05E,1994.03,3258,FINAL,Dollars,6,National Accounts - SNA 2008 - SNE,Final Consumption Expenditure,Household contents and services,Households,,
SNEA.SG02NAC14P30A05E,1995.03,3518,FINAL,Dollars,6,National Accounts - SNA 2008 - SNE,Final Consumption Expenditure,Household contents and services,Households,,
SNEA.SG02NAC14P30A05E,1996.03,3595,FINAL,Dollars,6,National Accounts - SNA 2008 - SNE,Final Consumption Expenditure,Household contents and services,Households,,
SNEA.SG02NAC14P30A05E,1997.03,3577,FINAL,Dollars,6,National Accounts - SNA 2008 - SNE,Final Consumption Expenditure,Household contents and services,Households,,
SNEA.SG02NAC14P30A05E,1998.03,3549,FINAL,Dollars,6,National Accounts - SNA 2008 - SNE,Final Consumption Expenditure,Household contents and services,Households,,
SNEA.SG02NAC14P30A05E,1999.03,3741,FINAL,Dollars,6,National Accounts - SNA 2008 - SNE,Final Consumption Expenditure,Household contents and services,Households,,
SNEA.SG02NAC14P30A05E,2000.03,3974,FINAL,Dollars,6,National Accounts - SNA 2008 - SNE,Final Consumption Expenditure,Household contents and services,Households,,
SNEA.SG02NAC14P30A05E,2001.03,4114,FINAL,Dollars,6,National Accounts - SNA 2008 - SNE,Final Consumption Expenditure,Household contents and services,Households,,
SNEA.SG02NAC14P30A05E,2002.03,4338,FINAL,Dollars,6,National Accounts - SNA 2008 - SNE,Final Consumption Expenditure,Household contents and services,Households,,
SNEA.SG02NAC14P30A05E,2003.03,4759,FINAL,Dollars,6,National Accounts - SNA 2008 - SNE,Final Consumption Expenditure,Household contents and services,Households,,
SNEA.SG02NAC14P30A05E,2004.03,5022,FINAL,Dollars,6,National Accounts - SNA 2008 - SNE,Final Consumption Expenditure,Household contents and services,Households,,
SNEA.SG02NAC14P30A05E,2005.03,5371,FINAL,Dollars,6,National Accounts - SNA 2008 - SNE,Final Consumption Expenditure,Household contents and services,Households,,
SNEA.SG02NAC14P30A05E,2006.03,5728,FINAL,Dollars,6,National Accounts - SNA 2008 - SNE,Final Consumption Expenditure,Household contents and services,Households,,
SNEA.SG02NAC14P30A05E,2007.03,6113,FINAL,Dollars,6,National Accounts - SNA 2008 - SNE,Final Consumption Expenditure,Household contents and services,Households,,
SNEA.SG02NAC14P30A05E,2008.03,6265,FINAL,Dollars,6,National Accounts - SNA 2008 - SNE,Final Consumption Expenditure,Household contents and services,Households,,
SNEA.SG02NAC14P30A05E,2009.03,6035,FINAL,Dollars,6,National Accounts - SNA 2008 - SNE,Final Consumption Expenditure,Household contents and services,Households,,
SNEA.SG02NAC14P30A05E,2010.03,6046,FINAL,Dollars,6,National Accounts - SNA 2008 - SNE,Final Consumption Expenditure,Household contents and services,Households,,
SNEA.SG02NAC14P30A05E,2011.03,6166,FINAL,Dollars,6,National Accounts - SNA 2008 - SNE,Final Consumption Expenditure,Household contents and services,Households,,
SNEA.SG02NAC14P30A05E,2012.03,6418,FINAL,Dollars,6,National Accounts - SNA 2008 - SNE,Final Consumption Expenditure,Household contents and services,Households,,
SNEA.SG02NAC14P30A05E,2013.03,6572,FINAL,Dollars,6,National Accounts - SNA 2008 - SNE,Final Consumption Expenditure,Household contents and services,Households,,
SNEA.SG02NAC14P30A05E,2014.03,7071,FINAL,Dollars,6,National Accounts - SNA 2008 - SNE,Final Consumption Expenditure,Household contents and services,Households,,
SNEA.SG02NAC14P30A05E,2015.03,7513,FINAL,Dollars,6,National Accounts - SNA 2008 - SNE,Final Consumption Expenditure,Household contents and services,Households,,
SNEA.SG02NAC14P30A05E,2016.03,8055,FINAL,Dollars,6,National Accounts - SNA 2008 - SNE,Final Consumption Expenditure,Household contents and services,Households,,
SNEA.SG02NAC14P30A05E,2017.03,8558,FINAL,Dollars,6,National Accounts - SNA 2008 - SNE,Final Consumption Expenditure,Household contents and services,Households,,
SNEA.SG02NAC14P30A05E,2018.03,8993,REVISED,Dollars,6,National Accounts - SNA 2008 - SNE,Final Consumption Expenditure,Household contents and services,Households,,
SNEA.SG02NAC14P30A05E,2019.03,9563,REVISED,Dollars,6,National Accounts - SNA 2008 - SNE,Final Consumption Expenditure,Household contents and services,Households,,
SNEA.SG02NAC14P30A05E,2020.03,10076,REVISED,Dollars,6,National Accounts - SNA 2008 - SNE,Final Consumption Expenditure,Household contents and services,Households,,
SNEA.SG02NAC14P30A05E,2021.03,10975,REVISED,Dollars,6,National Accounts - SNA 2008 - SNE,Final Consumption Expenditure,Household contents and services,Households,,
SNEA.SG02NAC14P30A06E,1988.03,,CONFIDENTIAL,Dollars,6,National Accounts - SNA 2008 - SNE,Final Consumption Expenditure,Health,Households,,
SNEA.SG02NAC14P30A06E,1989.03,,CONFIDENTIAL,Dollars,6,National Accounts - SNA 2008 - SNE,Final Consumption Expenditure,Health,Households,,
SNEA.SG02NAC14P30A06E,1990.03,,CONFIDENTIAL,Dollars,6,National Accounts - SNA 2008 - SNE,Final Consumption Expenditure,Health,Households,,
SNEA.SG02NAC14P30A06E,1991.03,,CONFIDENTIAL,Dollars,6,National Accounts - SNA 2008 - SNE,Final Consumption Expenditure,Health,Households,,
SNEA.SG02NAC14P30A06E,1992.03,,CONFIDENTIAL,Dollars,6,National Accounts - SNA 2008 - SNE,Final Consumption Expenditure,Health,Households,,
SNEA.SG02NAC14P30A06E,1993.03,,CONFIDENTIAL,Dollars,6,National Accounts - SNA 2008 - SNE,Final Consumption Expenditure,Health,Households,,
SNEA.SG02NAC14P30A06E,1994.03,,CONFIDENTIAL,Dollars,6,National Accounts - SNA 2008 - SNE,Final Consumption Expenditure,Health,Households,,
SNEA.SG02NAC14P30A06E,1995.03,,CONFIDENTIAL,Dollars,6,National Accounts - SNA 2008 - SNE,Final Consumption Expenditure,Health,Households,,
SNEA.SG02NAC14P30A06E,1996.03,,CONFIDENTIAL,Dollars,6,National Accounts - SNA 2008 - SNE,Final Consumption Expenditure,Health,Households,,
SNEA.SG02NAC14P30A06E,1997.03,,CONFIDENTIAL,Dollars,6,National Accounts - SNA 2008 - SNE,Final Consumption Expenditure,Health,Households,,
SNEA.SG02NAC14P30A06E,1998.03,,CONFIDENTIAL,Dollars,6,National Accounts - SNA 2008 - SNE,Final Consumption Expenditure,Health,Households,,
SNEA.SG02NAC14P30A06E,1999.03,,CONFIDENTIAL,Dollars,6,National Accounts - SNA 2008 - SNE,Final Consumption Expenditure,Health,Households,,
SNEA.SG02NAC14P30A06E,2000.03,,CONFIDENTIAL,Dollars,6,National Accounts - SNA 2008 - SNE,Final Consumption Expenditure,Health,Households,,
SNEA.SG02NAC14P30A06E,2001.03,,CONFIDENTIAL,Dollars,6,National Accounts - SNA 2008 - SNE,Final Consumption Expenditure,Health,Households,,
SNEA.SG02NAC14P30A06E,2002.03,,CONFIDENTIAL,Dollars,6,National Accounts - SNA 2008 - SNE,Final Consumption Expenditure,Health,Households,,
SNEA.SG02NAC14P30A06E,2003.03,,CONFIDENTIAL,Dollars,6,National Accounts - SNA 2008 - SNE,Final Consumption Expenditure,Health,Households,,
SNEA.SG02NAC14P30A06E,2004.03,,CONFIDENTIAL,Dollars,6,National Accounts - SNA 2008 - SNE,Final Consumption Expenditure,Health,Households,,
SNEA.SG02NAC14P30A06E,2005.03,,CONFIDENTIAL,Dollars,6,National Accounts - SNA 2008 - SNE,Final Consumption Expenditure,Health,Households,,
SNEA.SG02NAC14P30A06E,2006.03,,CONFIDENTIAL,Dollars,6,National Accounts - SNA 2008 - SNE,Final Consumption Expenditure,Health,Households,,
SNEA.SG02NAC14P30A06E,2007.03,,CONFIDENTIAL,Dollars,6,National Accounts - SNA 2008 - SNE,Final Consumption Expenditure,Health,Households,,
SNEA.SG02NAC14P30A06E,2008.03,,CONFIDENTIAL,Dollars,6,National Accounts - SNA 2008 - SNE,Final Consumption Expenditure,Health,Households,,
SNEA.SG02NAC14P30A06E,2009.03,,CONFIDENTIAL,Dollars,6,National Accounts - SNA 2008 - SNE,Final Consumption Expenditure,Health,Households,,
SNEA.SG02NAC14P30A06E,2010.03,,CONFIDENTIAL,Dollars,6,National Accounts - SNA 2008 - SNE,Final Consumption Expenditure,Health,Households,,
SNEA.SG02NAC14P30A06E,2011.03,,CONFIDENTIAL,Dollars,6,National Accounts - SNA 2008 - SNE,Final Consumption Expenditure,Health,Households,,
SNEA.SG02NAC14P30A06E,2012.03,,CONFIDENTIAL,Dollars,6,National Accounts - SNA 2008 - SNE,Final Consumption Expenditure,Health,Households,,
SNEA.SG02NAC14P30A06E,2013.03,,CONFIDENTIAL,Dollars,6,National Accounts - SNA 2008 - SNE,Final Consumption Expenditure,Health,Households,,
SNEA.SG02NAC14P30A06E,2014.03,,CONFIDENTIAL,Dollars,6,National Accounts - SNA 2008 - SNE,Final Consumption Expenditure,Health,Households,,
SNEA.SG02NAC14P30A06E,2015.03,,CONFIDENTIAL,Dollars,6,National Accounts - SNA 2008 - SNE,Final Consumption Expenditure,Health,Households,,
SNEA.SG02NAC14P30A06E,2016.03,,CONFIDENTIAL,Dollars,6,National Accounts - SNA 2008 - SNE,Final Consumption Expenditure,Health,Households,,
SNEA.SG02NAC14P30A06E,2017.03,,CONFIDENTIAL,Dollars,6,National Accounts - SNA 2008 - SNE,Final Consumption Expenditure,Health,Households,,
SNEA.SG02NAC14P30A06E,2018.03,,CONFIDENTIAL,Dollars,6,National Accounts - SNA 2008 - SNE,Final Consumption Expenditure,Health,Households,,
SNEA.SG02NAC14P30A06E,2019.03,,CONFIDENTIAL,Dollars,6,National Accounts - SNA 2008 - SNE,Final Consumption Expenditure,Health,Households,,
SNEA.SG02NAC14P30A06E,2020.03,,CONFIDENTIAL,Dollars,6,National Accounts - SNA 2008 - SNE,Final Consumption Expenditure,Health,Households,,
SNEA.SG02NAC14P30A06E,2021.03,,CONFIDENTIAL,Dollars,6,National Accounts - SNA 2008 - SNE,Final Consumption Expenditure,Health,Households,,
SNEA.SG02NAC14P30A07E,1988.03,6067,FINAL,Dollars,6,National Accounts - SNA 2008 - SNE,Final Consumption Expenditure,Transport,Households,,
SNEA.SG02NAC14P30A07E,1989.03,6466,FINAL,Dollars,6,National Accounts - SNA 2008 - SNE,Final Consumption Expenditure,Transport,Households,,
SNEA.SG02NAC14P30A07E,1990.03,6910,FINAL,Dollars,6,National Accounts - SNA 2008 - SNE,Final Consumption Expenditure,Transport,Households,,
SNEA.SG02NAC14P30A07E,1991.03,6821,FINAL,Dollars,6,National Accounts - SNA 2008 - SNE,Final Consumption Expenditure,Transport,Households,,
SNEA.SG02NAC14P30A07E,1992.03,6330,FINAL,Dollars,6,National Accounts - SNA 2008 - SNE,Final Consumption Expenditure,Transport,Households,,
SNEA.SG02NAC14P30A07E,1993.03,6212,FINAL,Dollars,6,National Accounts - SNA 2008 - SNE,Final Consumption Expenditure,Transport,Households,,
SNEA.SG02NAC14P30A07E,1994.03,6483,FINAL,Dollars,6,National Accounts - SNA 2008 - SNE,Final Consumption Expenditure,Transport,Households,,
SNEA.SG02NAC14P30A07E,1995.03,7443,FINAL,Dollars,6,National Accounts - SNA 2008 - SNE,Final Consumption Expenditure,Transport,Households,,
SNEA.SG02NAC14P30A07E,1996.03,8311,FINAL,Dollars,6,National Accounts - SNA 2008 - SNE,Final Consumption Expenditure,Transport,Households,,
SNEA.SG02NAC14P30A07E,1997.03,8979,FINAL,Dollars,6,National Accounts - SNA 2008 - SNE,Final Consumption Expenditure,Transport,Households,,
SNEA.SG02NAC14P30A07E,1998.03,8297,FINAL,Dollars,6,National Accounts - SNA 2008 - SNE,Final Consumption Expenditure,Transport,Households,,
SNEA.SG02NAC14P30A07E,1999.03,8481,FINAL,Dollars,6,National Accounts - SNA 2008 - SNE,Final Consumption Expenditure,Transport,Households,,
SNEA.SG02NAC14P30A07E,2000.03,8832,FINAL,Dollars,6,National Accounts - SNA 2008 - SNE,Final Consumption Expenditure,Transport,Households,,
SNEA.SG02NAC14P30A07E,2001.03,9110,FINAL,Dollars,6,National Accounts - SNA 2008 - SNE,Final Consumption Expenditure,Transport,Households,,
SNEA.SG02NAC14P30A07E,2002.03,9729,FINAL,Dollars,6,National Accounts - SNA 2008 - SNE,Final Consumption Expenditure,Transport,Households,,
SNEA.SG02NAC14P30A07E,2003.03,10376,FINAL,Dollars,6,National Accounts - SNA 2008 - SNE,Final Consumption Expenditure,Transport,Households,,
SNEA.SG02NAC14P30A07E,2004.03,11024,FINAL,Dollars,6,National Accounts - SNA 2008 - SNE,Final Consumption Expenditure,Transport,Households,,
SNEA.SG02NAC14P30A07E,2005.03,11884,FINAL,Dollars,6,National Accounts - SNA 2008 - SNE,Final Consumption Expenditure,Transport,Households,,
SNEA.SG02NAC14P30A07E,2006.03,12873,FINAL,Dollars,6,National Accounts - SNA 2008 - SNE,Final Consumption Expenditure,Transport,Households,,
SNEA.SG02NAC14P30A07E,2007.03,13445,FINAL,Dollars,6,National Accounts - SNA 2008 - SNE,Final Consumption Expenditure,Transport,Households,,
SNEA.SG02NAC14P30A07E,2008.03,14275,FINAL,Dollars,6,National Accounts - SNA 2008 - SNE,Final Consumption Expenditure,Transport,Households,,
SNEA.SG02NAC14P30A07E,2009.03,14036,FINAL,Dollars,6,National Accounts - SNA 2008 - SNE,Final Consumption Expenditure,Transport,Households,,
SNEA.SG02NAC14P30A07E,2010.03,13768,FINAL,Dollars,6,National Accounts - SNA 2008 - SNE,Final Consumption Expenditure,Transport,Households,,
SNEA.SG02NAC14P30A07E,2011.03,14949,FINAL,Dollars,6,National Accounts - SNA 2008 - SNE,Final Consumption Expenditure,Transport,Households,,
SNEA.SG02NAC14P30A07E,2012.03,15834,FINAL,Dollars,6,National Accounts - SNA 2008 - SNE,Final Consumption Expenditure,Transport,Households,,
SNEA.SG02NAC14P30A07E,2013.03,16308,FINAL,Dollars,6,National Accounts - SNA 2008 - SNE,Final Consumption Expenditure,Transport,Households,,
SNEA.SG02NAC14P30A07E,2014.03,17402,FINAL,Dollars,6,National Accounts - SNA 2008 - SNE,Final Consumption Expenditure,Transport,Households,,
SNEA.SG02NAC14P30A07E,2015.03,18219,FINAL,Dollars,6,National Accounts - SNA 2008 - SNE,Final Consumption Expenditure,Transport,Households,,
SNEA.SG02NAC14P30A07E,2016.03,18962,FINAL,Dollars,6,National Accounts - SNA 2008 - SNE,Final Consumption Expenditure,Transport,Households,,
SNEA.SG02NAC14P30A07E,2017.03,20705,REVISED,Dollars,6,National Accounts - SNA 2008 - SNE,Final Consumption Expenditure,Transport,Households,,
SNEA.SG02NAC14P30A07E,2018.03,22408,REVISED,Dollars,6,National Accounts - SNA 2008 - SNE,Final Consumption Expenditure,Transport,Households,,
SNEA.SG02NAC14P30A07E,2019.03,24269,REVISED,Dollars,6,National Accounts - SNA 2008 - SNE,Final Consumption Expenditure,Transport,Households,,
SNEA.SG02NAC14P30A07E,2020.03,23908,REVISED,Dollars,6,National Accounts - SNA 2008 - SNE,Final Consumption Expenditure,Transport,Households,,
SNEA.SG02NAC14P30A07E,2021.03,19177,REVISED,Dollars,6,National Accounts - SNA 2008 - SNE,Final Consumption Expenditure,Transport,Households,,
SNEA.SG02NAC14P30A08E,1988.03,723,FINAL,Dollars,6,National Accounts - SNA 2008 - SNE,Final Consumption Expenditure,Communication,Households,,
SNEA.SG02NAC14P30A08E,1989.03,819,FINAL,Dollars,6,National Accounts - SNA 2008 - SNE,Final Consumption Expenditure,Communication,Households,,
SNEA.SG02NAC14P30A08E,1990.03,1034,FINAL,Dollars,6,National Accounts - SNA 2008 - SNE,Final Consumption Expenditure,Communication,Households,,
SNEA.SG02NAC14P30A08E,1991.03,1098,FINAL,Dollars,6,National Accounts - SNA 2008 - SNE,Final Consumption Expenditure,Communication,Households,,
SNEA.SG02NAC14P30A08E,1992.03,1165,FINAL,Dollars,6,National Accounts - SNA 2008 - SNE,Final Consumption Expenditure,Communication,Households,,
SNEA.SG02NAC14P30A08E,1993.03,1195,FINAL,Dollars,6,National Accounts - SNA 2008 - SNE,Final Consumption Expenditure,Communication,Households,,
SNEA.SG02NAC14P30A08E,1994.03,1226,FINAL,Dollars,6,National Accounts - SNA 2008 - SNE,Final Consumption Expenditure,Communication,Households,,
SNEA.SG02NAC14P30A08E,1995.03,1316,FINAL,Dollars,6,National Accounts - SNA 2008 - SNE,Final Consumption Expenditure,Communication,Households,,
SNEA.SG02NAC14P30A08E,1996.03,1495,FINAL,Dollars,6,National Accounts - SNA 2008 - SNE,Final Consumption Expenditure,Communication,Households,,
SNEA.SG02NAC14P30A08E,1997.03,1613,FINAL,Dollars,6,National Accounts - SNA 2008 - SNE,Final Consumption Expenditure,Communication,Households,,
SNEA.SG02NAC14P30A08E,1998.03,1829,FINAL,Dollars,6,National Accounts - SNA 2008 - SNE,Final Consumption Expenditure,Communication,Households,,
SNEA.SG02NAC14P30A08E,1999.03,1829,FINAL,Dollars,6,National Accounts - SNA 2008 - SNE,Final Consumption Expenditure,Communication,Households,,
SNEA.SG02NAC14P30A08E,2000.03,1845,FINAL,Dollars,6,National Accounts - SNA 2008 - SNE,Final Consumption Expenditure,Communication,Households,,
SNEA.SG02NAC14P30A08E,2001.03,1904,FINAL,Dollars,6,National Accounts - SNA 2008 - SNE,Final Consumption Expenditure,Communication,Households,,
SNEA.SG02NAC14P30A08E,2002.03,2043,FINAL,Dollars,6,National Accounts - SNA 2008 - SNE,Final Consumption Expenditure,Communication,Households,,
SNEA.SG02NAC14P30A08E,2003.03,2162,FINAL,Dollars,6,National Accounts - SNA 2008 - SNE,Final Consumption Expenditure,Communication,Households,,
SNEA.SG02NAC14P30A08E,2004.03,2318,FINAL,Dollars,6,National Accounts - SNA 2008 - SNE,Final Consumption Expenditure,Communication,Households,,
SNEA.SG02NAC14P30A08E,2005.03,2493,FINAL,Dollars,6,National Accounts - SNA 2008 - SNE,Final Consumption Expenditure,Communication,Households,,
SNEA.SG02NAC14P30A08E,2006.03,2694,FINAL,Dollars,6,National Accounts - SNA 2008 - SNE,Final Consumption Expenditure,Communication,Households,,
SNEA.SG02NAC14P30A08E,2007.03,2911,FINAL,Dollars,6,National Accounts - SNA 2008 - SNE,Final Consumption Expenditure,Communication,Households,,
SNEA.SG02NAC14P30A08E,2008.03,3167,FINAL,Dollars,6,National Accounts - SNA 2008 - SNE,Final Consumption Expenditure,Communication,Households,,
SNEA.SG02NAC14P30A08E,2009.03,3375,FINAL,Dollars,6,National Accounts - SNA 2008 - SNE,Final Consumption Expenditure,Communication,Households,,
SNEA.SG02NAC14P30A08E,2010.03,3501,FINAL,Dollars,6,National Accounts - SNA 2008 - SNE,Final Consumption Expenditure,Communication,Households,,
SNEA.SG02NAC14P30A08E,2011.03,3883,FINAL,Dollars,6,National Accounts - SNA 2008 - SNE,Final Consumption Expenditure,Communication,Households,,
SNEA.SG02NAC14P30A08E,2012.03,3945,FINAL,Dollars,6,National Accounts - SNA 2008 - SNE,Final Consumption Expenditure,Communication,Households,,
SNEA.SG02NAC14P30A08E,2013.03,3916,FINAL,Dollars,6,National Accounts - SNA 2008 - SNE,Final Consumption Expenditure,Communication,Households,,
SNEA.SG02NAC14P30A08E,2014.03,3841,FINAL,Dollars,6,National Accounts - SNA 2008 - SNE,Final Consumption Expenditure,Communication,Households,,
SNEA.SG02NAC14P30A08E,2015.03,3784,FINAL,Dollars,6,National Accounts - SNA 2008 - SNE,Final Consumption Expenditure,Communication,Households,,
SNEA.SG02NAC14P30A08E,2016.03,3783,FINAL,Dollars,6,National Accounts - SNA 2008 - SNE,Final Consumption Expenditure,Communication,Households,,
SNEA.SG02NAC14P30A08E,2017.03,3858,FINAL,Dollars,6,National Accounts - SNA 2008 - SNE,Final Consumption Expenditure,Communication,Households,,
SNEA.SG02NAC14P30A08E,2018.03,3850,FINAL,Dollars,6,National Accounts - SNA 2008 - SNE,Final Consumption Expenditure,Communication,Households,,
SNEA.SG02NAC14P30A08E,2019.03,3824,FINAL,Dollars,6,National Accounts - SNA 2008 - SNE,Final Consumption Expenditure,Communication,Households,,
SNEA.SG02NAC14P30A08E,2020.03,3889,REVISED,Dollars,6,National Accounts - SNA 2008 - SNE,Final Consumption Expenditure,Communication,Households,,
SNEA.SG02NAC14P30A08E,2021.03,4005,REVISED,Dollars,6,National Accounts - SNA 2008 - SNE,Final Consumption Expenditure,Communication,Households,,
SNEA.SG02NAC14P30A09E,1988.03,3458,FINAL,Dollars,6,National Accounts - SNA 2008 - SNE,Final Consumption Expenditure,Recreation and culture,Households,,
SNEA.SG02NAC14P30A09E,1989.03,3777,FINAL,Dollars,6,National Accounts - SNA 2008 - SNE,Final Consumption Expenditure,Recreation and culture,Households,,
SNEA.SG02NAC14P30A09E,1990.03,3959,FINAL,Dollars,6,National Accounts - SNA 2008 - SNE,Final Consumption Expenditure,Recreation and culture,Households,,
SNEA.SG02NAC14P30A09E,1991.03,4136,FINAL,Dollars,6,National Accounts - SNA 2008 - SNE,Final Consumption Expenditure,Recreation and culture,Households,,
SNEA.SG02NAC14P30A09E,1992.03,4099,FINAL,Dollars,6,National Accounts - SNA 2008 - SNE,Final Consumption Expenditure,Recreation and culture,Households,,
SNEA.SG02NAC14P30A09E,1993.03,4246,FINAL,Dollars,6,National Accounts - SNA 2008 - SNE,Final Consumption Expenditure,Recreation and culture,Households,,
SNEA.SG02NAC14P30A09E,1994.03,4650,FINAL,Dollars,6,National Accounts - SNA 2008 - SNE,Final Consumption Expenditure,Recreation and culture,Households,,
SNEA.SG02NAC14P30A09E,1995.03,5141,FINAL,Dollars,6,National Accounts - SNA 2008 - SNE,Final Consumption Expenditure,Recreation and culture,Households,,
SNEA.SG02NAC14P30A09E,1996.03,5473,FINAL,Dollars,6,National Accounts - SNA 2008 - SNE,Final Consumption Expenditure,Recreation and culture,Households,,
SNEA.SG02NAC14P30A09E,1997.03,6037,FINAL,Dollars,6,National Accounts - SNA 2008 - SNE,Final Consumption Expenditure,Recreation and culture,Households,,
SNEA.SG02NAC14P30A09E,1998.03,6478,FINAL,Dollars,6,National Accounts - SNA 2008 - SNE,Final Consumption Expenditure,Recreation and culture,Households,,
SNEA.SG02NAC14P30A09E,1999.03,6811,FINAL,Dollars,6,National Accounts - SNA 2008 - SNE,Final Consumption Expenditure,Recreation and culture,Households,,
SNEA.SG02NAC14P30A09E,2000.03,7201,FINAL,Dollars,6,National Accounts - SNA 2008 - SNE,Final Consumption Expenditure,Recreation and culture,Households,,
SNEA.SG02NAC14P30A09E,2001.03,7583,FINAL,Dollars,6,National Accounts - SNA 2008 - SNE,Final Consumption Expenditure,Recreation and culture,Households,,
SNEA.SG02NAC14P30A09E,2002.03,8018,FINAL,Dollars,6,National Accounts - SNA 2008 - SNE,Final Consumption Expenditure,Recreation and culture,Households,,
SNEA.SG02NAC14P30A09E,2003.03,8589,FINAL,Dollars,6,National Accounts - SNA 2008 - SNE,Final Consumption Expenditure,Recreation and culture,Households,,
SNEA.SG02NAC14P30A09E,2004.03,9109,FINAL,Dollars,6,National Accounts - SNA 2008 - SNE,Final Consumption Expenditure,Recreation and culture,Households,,
SNEA.SG02NAC14P30A09E,2005.03,9508,FINAL,Dollars,6,National Accounts - SNA 2008 - SNE,Final Consumption Expenditure,Recreation and culture,Households,,
SNEA.SG02NAC14P30A09E,2006.03,9885,FINAL,Dollars,6,National Accounts - SNA 2008 - SNE,Final Consumption Expenditure,Recreation and culture,Households,,
SNEA.SG02NAC14P30A09E,2007.03,10271,FINAL,Dollars,6,National Accounts - SNA 2008 - SNE,Final Consumption Expenditure,Recreation and culture,Households,,
SNEA.SG02NAC14P30A09E,2008.03,10507,FINAL,Dollars,6,National Accounts - SNA 2008 - SNE,Final Consumption Expenditure,Recreation and culture,Households,,
SNEA.SG02NAC14P30A09E,2009.03,10671,FINAL,Dollars,6,National Accounts - SNA 2008 - SNE,Final Consumption Expenditure,Recreation and culture,Households,,
SNEA.SG02NAC14P30A09E,2010.03,10424,FINAL,Dollars,6,National Accounts - SNA 2008 - SNE,Final Consumption Expenditure,Recreation and culture,Households,,
SNEA.SG02NAC14P30A09E,2011.03,10486,FINAL,Dollars,6,National Accounts - SNA 2008 - SNE,Final Consumption Expenditure,Recreation and culture,Households,,
SNEA.SG02NAC14P30A09E,2012.03,11376,FINAL,Dollars,6,National Accounts - SNA 2008 - SNE,Final Consumption Expenditure,Recreation and culture,Households,,
SNEA.SG02NAC14P30A09E,2013.03,11283,FINAL,Dollars,6,National Accounts - SNA 2008 - SNE,Final Consumption Expenditure,Recreation and culture,Households,,
SNEA.SG02NAC14P30A09E,2014.03,11783,FINAL,Dollars,6,National Accounts - SNA 2008 - SNE,Final Consumption Expenditure,Recreation and culture,Households,,
SNEA.SG02NAC14P30A09E,2015.03,12176,FINAL,Dollars,6,National Accounts - SNA 2008 - SNE,Final Consumption Expenditure,Recreation and culture,Households,,
SNEA.SG02NAC14P30A09E,2016.03,12942,FINAL,Dollars,6,National Accounts - SNA 2008 - SNE,Final Consumption Expenditure,Recreation and culture,Households,,
SNEA.SG02NAC14P30A09E,2017.03,13881,REVISED,Dollars,6,National Accounts - SNA 2008 - SNE,Final Consumption Expenditure,Recreation and culture,Households,,
SNEA.SG02NAC14P30A09E,2018.03,14538,REVISED,Dollars,6,National Accounts - SNA 2008 - SNE,Final Consumption Expenditure,Recreation and culture,Households,,
SNEA.SG02NAC14P30A09E,2019.03,15320,REVISED,Dollars,6,National Accounts - SNA 2008 - SNE,Final Consumption Expenditure,Recreation and culture,Households,,
SNEA.SG02NAC14P30A09E,2020.03,16238,REVISED,Dollars,6,National Accounts - SNA 2008 - SNE,Final Consumption Expenditure,Recreation and culture,Households,,
SNEA.SG02NAC14P30A09E,2021.03,17766,REVISED,Dollars,6,National Accounts - SNA 2008 - SNE,Final Consumption Expenditure,Recreation and culture,Households,,
SNEA.SG02NAC14P30A10E,1988.03,,CONFIDENTIAL,Dollars,6,National Accounts - SNA 2008 - SNE,Final Consumption Expenditure,Education,Households,,
SNEA.SG02NAC14P30A10E,1989.03,,CONFIDENTIAL,Dollars,6,National Accounts - SNA 2008 - SNE,Final Consumption Expenditure,Education,Households,,
SNEA.SG02NAC14P30A10E,1990.03,,CONFIDENTIAL,Dollars,6,National Accounts - SNA 2008 - SNE,Final Consumption Expenditure,Education,Households,,
SNEA.SG02NAC14P30A10E,1991.03,,CONFIDENTIAL,Dollars,6,National Accounts - SNA 2008 - SNE,Final Consumption Expenditure,Education,Households,,
SNEA.SG02NAC14P30A10E,1992.03,,CONFIDENTIAL,Dollars,6,National Accounts - SNA 2008 - SNE,Final Consumption Expenditure,Education,Households,,
SNEA.SG02NAC14P30A10E,1993.03,,CONFIDENTIAL,Dollars,6,National Accounts - SNA 2008 - SNE,Final Consumption Expenditure,Education,Households,,
SNEA.SG02NAC14P30A10E,1994.03,,CONFIDENTIAL,Dollars,6,National Accounts - SNA 2008 - SNE,Final Consumption Expenditure,Education,Households,,
SNEA.SG02NAC14P30A10E,1995.03,,CONFIDENTIAL,Dollars,6,National Accounts - SNA 2008 - SNE,Final Consumption Expenditure,Education,Households,,
SNEA.SG02NAC14P30A10E,1996.03,,CONFIDENTIAL,Dollars,6,National Accounts - SNA 2008 - SNE,Final Consumption Expenditure,Education,Households,,
SNEA.SG02NAC14P30A10E,1997.03,,CONFIDENTIAL,Dollars,6,National Accounts - SNA 2008 - SNE,Final Consumption Expenditure,Education,Households,,
SNEA.SG02NAC14P30A10E,1998.03,,CONFIDENTIAL,Dollars,6,National Accounts - SNA 2008 - SNE,Final Consumption Expenditure,Education,Households,,
SNEA.SG02NAC14P30A10E,1999.03,,CONFIDENTIAL,Dollars,6,National Accounts - SNA 2008 - SNE,Final Consumption Expenditure,Education,Households,,
SNEA.SG02NAC14P30A10E,2000.03,,CONFIDENTIAL,Dollars,6,National Accounts - SNA 2008 - SNE,Final Consumption Expenditure,Education,Households,,
SNEA.SG02NAC14P30A10E,2001.03,,CONFIDENTIAL,Dollars,6,National Accounts - SNA 2008 - SNE,Final Consumption Expenditure,Education,Households,,
SNEA.SG02NAC14P30A10E,2002.03,,CONFIDENTIAL,Dollars,6,National Accounts - SNA 2008 - SNE,Final Consumption Expenditure,Education,Households,,
SNEA.SG02NAC14P30A10E,2003.03,,CONFIDENTIAL,Dollars,6,National Accounts - SNA 2008 - SNE,Final Consumption Expenditure,Education,Households,,
SNEA.SG02NAC14P30A10E,2004.03,,CONFIDENTIAL,Dollars,6,National Accounts - SNA 2008 - SNE,Final Consumption Expenditure,Education,Households,,
SNEA.SG02NAC14P30A10E,2005.03,,CONFIDENTIAL,Dollars,6,National Accounts - SNA 2008 - SNE,Final Consumption Expenditure,Education,Households,,
SNEA.SG02NAC14P30A10E,2006.03,,CONFIDENTIAL,Dollars,6,National Accounts - SNA 2008 - SNE,Final Consumption Expenditure,Education,Households,,
SNEA.SG02NAC14P30A10E,2007.03,,CONFIDENTIAL,Dollars,6,National Accounts - SNA 2008 - SNE,Final Consumption Expenditure,Education,Households,,
SNEA.SG02NAC14P30A10E,2008.03,,CONFIDENTIAL,Dollars,6,National Accounts - SNA 2008 - SNE,Final Consumption Expenditure,Education,Households,,
SNEA.SG02NAC14P30A10E,2009.03,,CONFIDENTIAL,Dollars,6,National Accounts - SNA 2008 - SNE,Final Consumption Expenditure,Education,Households,,
SNEA.SG02NAC14P30A10E,2010.03,,CONFIDENTIAL,Dollars,6,National Accounts - SNA 2008 - SNE,Final Consumption Expenditure,Education,Households,,
SNEA.SG02NAC14P30A10E,2011.03,,CONFIDENTIAL,Dollars,6,National Accounts - SNA 2008 - SNE,Final Consumption Expenditure,Education,Households,,
SNEA.SG02NAC14P30A10E,2012.03,,CONFIDENTIAL,Dollars,6,National Accounts - SNA 2008 - SNE,Final Consumption Expenditure,Education,Households,,
SNEA.SG02NAC14P30A10E,2013.03,,CONFIDENTIAL,Dollars,6,National Accounts - SNA 2008 - SNE,Final Consumption Expenditure,Education,Households,,
SNEA.SG02NAC14P30A10E,2014.03,,CONFIDENTIAL,Dollars,6,National Accounts - SNA 2008 - SNE,Final Consumption Expenditure,Education,Households,,
SNEA.SG02NAC14P30A10E,2015.03,,CONFIDENTIAL,Dollars,6,National Accounts - SNA 2008 - SNE,Final Consumption Expenditure,Education,Households,,
SNEA.SG02NAC14P30A10E,2016.03,,CONFIDENTIAL,Dollars,6,National Accounts - SNA 2008 - SNE,Final Consumption Expenditure,Education,Households,,
SNEA.SG02NAC14P30A10E,2017.03,,CONFIDENTIAL,Dollars,6,National Accounts - SNA 2008 - SNE,Final Consumption Expenditure,Education,Households,,
SNEA.SG02NAC14P30A10E,2018.03,,CONFIDENTIAL,Dollars,6,National Accounts - SNA 2008 - SNE,Final Consumption Expenditure,Education,Households,,
SNEA.SG02NAC14P30A10E,2019.03,,CONFIDENTIAL,Dollars,6,National Accounts - SNA 2008 - SNE,Final Consumption Expenditure,Education,Households,,
SNEA.SG02NAC14P30A10E,2020.03,,CONFIDENTIAL,Dollars,6,National Accounts - SNA 2008 - SNE,Final Consumption Expenditure,Education,Households,,
SNEA.SG02NAC14P30A10E,2021.03,,CONFIDENTIAL,Dollars,6,National Accounts - SNA 2008 - SNE,Final Consumption Expenditure,Education,Households,,
SNEA.SG02NAC14P30A11E,1988.03,2457,FINAL,Dollars,6,National Accounts - SNA 2008 - SNE,Final Consumption Expenditure,Restaurants and hotels,Households,,
SNEA.SG02NAC14P30A11E,1989.03,2495,FINAL,Dollars,6,National Accounts - SNA 2008 - SNE,Final Consumption Expenditure,Restaurants and hotels,Households,,
SNEA.SG02NAC14P30A11E,1990.03,2570,FINAL,Dollars,6,National Accounts - SNA 2008 - SNE,Final Consumption Expenditure,Restaurants and hotels,Households,,
SNEA.SG02NAC14P30A11E,1991.03,2621,FINAL,Dollars,6,National Accounts - SNA 2008 - SNE,Final Consumption Expenditure,Restaurants and hotels,Households,,
SNEA.SG02NAC14P30A11E,1992.03,2447,FINAL,Dollars,6,National Accounts - SNA 2008 - SNE,Final Consumption Expenditure,Restaurants and hotels,Households,,
SNEA.SG02NAC14P30A11E,1993.03,2481,FINAL,Dollars,6,National Accounts - SNA 2008 - SNE,Final Consumption Expenditure,Restaurants and hotels,Households,,
SNEA.SG02NAC14P30A11E,1994.03,2713,FINAL,Dollars,6,National Accounts - SNA 2008 - SNE,Final Consumption Expenditure,Restaurants and hotels,Households,,
SNEA.SG02NAC14P30A11E,1995.03,3050,FINAL,Dollars,6,National Accounts - SNA 2008 - SNE,Final Consumption Expenditure,Restaurants and hotels,Households,,
SNEA.SG02NAC14P30A11E,1996.03,2976,FINAL,Dollars,6,National Accounts - SNA 2008 - SNE,Final Consumption Expenditure,Restaurants and hotels,Households,,
SNEA.SG02NAC14P30A11E,1997.03,3344,FINAL,Dollars,6,National Accounts - SNA 2008 - SNE,Final Consumption Expenditure,Restaurants and hotels,Households,,
SNEA.SG02NAC14P30A11E,1998.03,3697,FINAL,Dollars,6,National Accounts - SNA 2008 - SNE,Final Consumption Expenditure,Restaurants and hotels,Households,,
SNEA.SG02NAC14P30A11E,1999.03,3875,FINAL,Dollars,6,National Accounts - SNA 2008 - SNE,Final Consumption Expenditure,Restaurants and hotels,Households,,
SNEA.SG02NAC14P30A11E,2000.03,3811,FINAL,Dollars,6,National Accounts - SNA 2008 - SNE,Final Consumption Expenditure,Restaurants and hotels,Households,,
SNEA.SG02NAC14P30A11E,2001.03,3813,FINAL,Dollars,6,National Accounts - SNA 2008 - SNE,Final Consumption Expenditure,Restaurants and hotels,Households,,
SNEA.SG02NAC14P30A11E,2002.03,3823,FINAL,Dollars,6,National Accounts - SNA 2008 - SNE,Final Consumption Expenditure,Restaurants and hotels,Households,,
SNEA.SG02NAC14P30A11E,2003.03,3977,FINAL,Dollars,6,National Accounts - SNA 2008 - SNE,Final Consumption Expenditure,Restaurants and hotels,Households,,
SNEA.SG02NAC14P30A11E,2004.03,4131,FINAL,Dollars,6,National Accounts - SNA 2008 - SNE,Final Consumption Expenditure,Restaurants and hotels,Households,,
SNEA.SG02NAC14P30A11E,2005.03,4734,FINAL,Dollars,6,National Accounts - SNA 2008 - SNE,Final Consumption Expenditure,Restaurants and hotels,Households,,
SNEA.SG02NAC14P30A11E,2006.03,5224,FINAL,Dollars,6,National Accounts - SNA 2008 - SNE,Final Consumption Expenditure,Restaurants and hotels,Households,,
SNEA.SG02NAC14P30A11E,2007.03,5630,FINAL,Dollars,6,National Accounts - SNA 2008 - SNE,Final Consumption Expenditure,Restaurants and hotels,Households,,
SNEA.SG02NAC14P30A11E,2008.03,6019,FINAL,Dollars,6,National Accounts - SNA 2008 - SNE,Final Consumption Expenditure,Restaurants and hotels,Households,,
SNEA.SG02NAC14P30A11E,2009.03,6142,FINAL,Dollars,6,National Accounts - SNA 2008 - SNE,Final Consumption Expenditure,Restaurants and hotels,Households,,
SNEA.SG02NAC14P30A11E,2010.03,6209,FINAL,Dollars,6,National Accounts - SNA 2008 - SNE,Final Consumption Expenditure,Restaurants and hotels,Households,,
SNEA.SG02NAC14P30A11E,2011.03,6550,FINAL,Dollars,6,National Accounts - SNA 2008 - SNE,Final Consumption Expenditure,Restaurants and hotels,Households,,
SNEA.SG02NAC14P30A11E,2012.03,7213,FINAL,Dollars,6,National Accounts - SNA 2008 - SNE,Final Consumption Expenditure,Restaurants and hotels,Households,,
SNEA.SG02NAC14P30A11E,2013.03,7473,FINAL,Dollars,6,National Accounts - SNA 2008 - SNE,Final Consumption Expenditure,Restaurants and hotels,Households,,
SNEA.SG02NAC14P30A11E,2014.03,8100,FINAL,Dollars,6,National Accounts - SNA 2008 - SNE,Final Consumption Expenditure,Restaurants and hotels,Households,,
SNEA.SG02NAC14P30A11E,2015.03,8035,FINAL,Dollars,6,National Accounts - SNA 2008 - SNE,Final Consumption Expenditure,Restaurants and hotels,Households,,
SNEA.SG02NAC14P30A11E,2016.03,8278,FINAL,Dollars,6,National Accounts - SNA 2008 - SNE,Final Consumption Expenditure,Restaurants and hotels,Households,,
SNEA.SG02NAC14P30A11E,2017.03,9650,FINAL,Dollars,6,National Accounts - SNA 2008 - SNE,Final Consumption Expenditure,Restaurants and hotels,Households,,
SNEA.SG02NAC14P30A11E,2018.03,10442,FINAL,Dollars,6,National Accounts - SNA 2008 - SNE,Final Consumption Expenditure,Restaurants and hotels,Households,,
SNEA.SG02NAC14P30A11E,2019.03,10994,REVISED,Dollars,6,National Accounts - SNA 2008 - SNE,Final Consumption Expenditure,Restaurants and hotels,Households,,
SNEA.SG02NAC14P30A11E,2020.03,11263,REVISED,Dollars,6,National Accounts - SNA 2008 - SNE,Final Consumption Expenditure,Restaurants and hotels,Households,,
SNEA.SG02NAC14P30A11E,2021.03,12552,REVISED,Dollars,6,National Accounts - SNA 2008 - SNE,Final Consumption Expenditure,Restaurants and hotels,Households,,
SNEA.SG02NAC14P30A12E,1988.03,3184,FINAL,Dollars,6,National Accounts - SNA 2008 - SNE,Final Consumption Expenditure,Miscellaneous goods and services,Households,,
SNEA.SG02NAC14P30A12E,1989.03,3476,FINAL,Dollars,6,National Accounts - SNA 2008 - SNE,Final Consumption Expenditure,Miscellaneous goods and services,Households,,
SNEA.SG02NAC14P30A12E,1990.03,3545,FINAL,Dollars,6,National Accounts - SNA 2008 - SNE,Final Consumption Expenditure,Miscellaneous goods and services,Households,,
SNEA.SG02NAC14P30A12E,1991.03,3827,FINAL,Dollars,6,National Accounts - SNA 2008 - SNE,Final Consumption Expenditure,Miscellaneous goods and services,Households,,
SNEA.SG02NAC14P30A12E,1992.03,3812,FINAL,Dollars,6,National Accounts - SNA 2008 - SNE,Final Consumption Expenditure,Miscellaneous goods and services,Households,,
SNEA.SG02NAC14P30A12E,1993.03,3982,FINAL,Dollars,6,National Accounts - SNA 2008 - SNE,Final Consumption Expenditure,Miscellaneous goods and services,Households,,
SNEA.SG02NAC14P30A12E,1994.03,3899,FINAL,Dollars,6,National Accounts - SNA 2008 - SNE,Final Consumption Expenditure,Miscellaneous goods and services,Households,,
SNEA.SG02NAC14P30A12E,1995.03,4100,FINAL,Dollars,6,National Accounts - SNA 2008 - SNE,Final Consumption Expenditure,Miscellaneous goods and services,Households,,
SNEA.SG02NAC14P30A12E,1996.03,4380,FINAL,Dollars,6,National Accounts - SNA 2008 - SNE,Final Consumption Expenditure,Miscellaneous goods and services,Households,,
SNEA.SG02NAC14P30A12E,1997.03,4582,FINAL,Dollars,6,National Accounts - SNA 2008 - SNE,Final Consumption Expenditure,Miscellaneous goods and services,Households,,
SNEA.SG02NAC14P30A12E,1998.03,4925,FINAL,Dollars,6,National Accounts - SNA 2008 - SNE,Final Consumption Expenditure,Miscellaneous goods and services,Households,,
SNEA.SG02NAC14P30A12E,1999.03,5102,FINAL,Dollars,6,National Accounts - SNA 2008 - SNE,Final Consumption Expenditure,Miscellaneous goods and services,Households,,
SNEA.SG02NAC14P30A12E,2000.03,5450,FINAL,Dollars,6,National Accounts - SNA 2008 - SNE,Final Consumption Expenditure,Miscellaneous goods and services,Households,,
SNEA.SG02NAC14P30A12E,2001.03,5692,FINAL,Dollars,6,National Accounts - SNA 2008 - SNE,Final Consumption Expenditure,Miscellaneous goods and services,Households,,
SNEA.SG02NAC14P30A12E,2002.03,6001,FINAL,Dollars,6,National Accounts - SNA 2008 - SNE,Final Consumption Expenditure,Miscellaneous goods and services,Households,,
SNEA.SG02NAC14P30A12E,2003.03,6544,FINAL,Dollars,6,National Accounts - SNA 2008 - SNE,Final Consumption Expenditure,Miscellaneous goods and services,Households,,
SNEA.SG02NAC14P30A12E,2004.03,7008,FINAL,Dollars,6,National Accounts - SNA 2008 - SNE,Final Consumption Expenditure,Miscellaneous goods and services,Households,,
SNEA.SG02NAC14P30A12E,2005.03,7420,FINAL,Dollars,6,National Accounts - SNA 2008 - SNE,Final Consumption Expenditure,Miscellaneous goods and services,Households,,
SNEA.SG02NAC14P30A12E,2006.03,7818,FINAL,Dollars,6,National Accounts - SNA 2008 - SNE,Final Consumption Expenditure,Miscellaneous goods and services,Households,,
SNEA.SG02NAC14P30A12E,2007.03,8354,FINAL,Dollars,6,National Accounts - SNA 2008 - SNE,Final Consumption Expenditure,Miscellaneous goods and services,Households,,
SNEA.SG02NAC14P30A12E,2008.03,8665,FINAL,Dollars,6,National Accounts - SNA 2008 - SNE,Final Consumption Expenditure,Miscellaneous goods and services,Households,,
SNEA.SG02NAC14P30A12E,2009.03,9062,FINAL,Dollars,6,National Accounts - SNA 2008 - SNE,Final Consumption Expenditure,Miscellaneous goods and services,Households,,
SNEA.SG02NAC14P30A12E,2010.03,10160,FINAL,Dollars,6,National Accounts - SNA 2008 - SNE,Final Consumption Expenditure,Miscellaneous goods and services,Households,,
SNEA.SG02NAC14P30A12E,2011.03,10197,FINAL,Dollars,6,National Accounts - SNA 2008 - SNE,Final Consumption Expenditure,Miscellaneous goods and services,Households,,
SNEA.SG02NAC14P30A12E,2012.03,11019,FINAL,Dollars,6,National Accounts - SNA 2008 - SNE,Final Consumption Expenditure,Miscellaneous goods and services,Households,,
SNEA.SG02NAC14P30A12E,2013.03,11566,FINAL,Dollars,6,National Accounts - SNA 2008 - SNE,Final Consumption Expenditure,Miscellaneous goods and services,Households,,
SNEA.SG02NAC14P30A12E,2014.03,12341,FINAL,Dollars,6,National Accounts - SNA 2008 - SNE,Final Consumption Expenditure,Miscellaneous goods and services,Households,,
SNEA.SG02NAC14P30A12E,2015.03,12854,FINAL,Dollars,6,National Accounts - SNA 2008 - SNE,Final Consumption Expenditure,Miscellaneous goods and services,Households,,
SNEA.SG02NAC14P30A12E,2016.03,13896,FINAL,Dollars,6,National Accounts - SNA 2008 - SNE,Final Consumption Expenditure,Miscellaneous goods and services,Households,,
SNEA.SG02NAC14P30A12E,2017.03,15012,REVISED,Dollars,6,National Accounts - SNA 2008 - SNE,Final Consumption Expenditure,Miscellaneous goods and services,Households,,
SNEA.SG02NAC14P30A12E,2018.03,16190,REVISED,Dollars,6,National Accounts - SNA 2008 - SNE,Final Consumption Expenditure,Miscellaneous goods and services,Households,,
SNEA.SG02NAC14P30A12E,2019.03,17653,REVISED,Dollars,6,National Accounts - SNA 2008 - SNE,Final Consumption Expenditure,Miscellaneous goods and services,Households,,
SNEA.SG02NAC14P30A12E,2020.03,18776,REVISED,Dollars,6,National Accounts - SNA 2008 - SNE,Final Consumption Expenditure,Miscellaneous goods and services,Households,,
SNEA.SG02NAC14P30A12E,2021.03,19417,REVISED,Dollars,6,National Accounts - SNA 2008 - SNE,Final Consumption Expenditure,Miscellaneous goods and services,Households,,
SNEA.SG02NAC14P30A13E,2000.03,4,FINAL,Dollars,6,National Accounts - SNA 2008 - SNE,Final Consumption Expenditure,Imports of low value goods purchased directly by households,Households,,
SNEA.SG02NAC14P30A13E,2001.03,19,FINAL,Dollars,6,National Accounts - SNA 2008 - SNE,Final Consumption Expenditure,Imports of low value goods purchased directly by households,Households,,
SNEA.SG02NAC14P30A13E,2002.03,60,FINAL,Dollars,6,National Accounts - SNA 2008 - SNE,Final Consumption Expenditure,Imports of low value goods purchased directly by households,Households,,
SNEA.SG02NAC14P30A13E,2003.03,94,FINAL,Dollars,6,National Accounts - SNA 2008 - SNE,Final Consumption Expenditure,Imports of low value goods purchased directly by households,Households,,
SNEA.SG02NAC14P30A13E,2004.03,211,FINAL,Dollars,6,National Accounts - SNA 2008 - SNE,Final Consumption Expenditure,Imports of low value goods purchased directly by households,Households,,
SNEA.SG02NAC14P30A13E,2005.03,578,FINAL,Dollars,6,National Accounts - SNA 2008 - SNE,Final Consumption Expenditure,Imports of low value goods purchased directly by households,Households,,
SNEA.SG02NAC14P30A13E,2006.03,783,FINAL,Dollars,6,National Accounts - SNA 2008 - SNE,Final Consumption Expenditure,Imports of low value goods purchased directly by households,Households,,
SNEA.SG02NAC14P30A13E,2007.03,670,FINAL,Dollars,6,National Accounts - SNA 2008 - SNE,Final Consumption Expenditure,Imports of low value goods purchased directly by households,Households,,
SNEA.SG02NAC14P30A13E,2008.03,688,FINAL,Dollars,6,National Accounts - SNA 2008 - SNE,Final Consumption Expenditure,Imports of low value goods purchased directly by households,Households,,
SNEA.SG02NAC14P30A13E,2009.03,758,FINAL,Dollars,6,National Accounts - SNA 2008 - SNE,Final Consumption Expenditure,Imports of low value goods purchased directly by households,Households,,
SNEA.SG02NAC14P30A13E,2010.03,561,FINAL,Dollars,6,National Accounts - SNA 2008 - SNE,Final Consumption Expenditure,Imports of low value goods purchased directly by households,Households,,
SNEA.SG02NAC14P30A13E,2011.03,553,FINAL,Dollars,6,National Accounts - SNA 2008 - SNE,Final Consumption Expenditure,Imports of low value goods purchased directly by households,Households,,
SNEA.SG02NAC14P30A13E,2012.03,740,FINAL,Dollars,6,National Accounts - SNA 2008 - SNE,Final Consumption Expenditure,Imports of low value goods purchased directly by households,Households,,
SNEA.SG02NAC14P30A13E,2013.03,916,FINAL,Dollars,6,National Accounts - SNA 2008 - SNE,Final Consumption Expenditure,Imports of low value goods purchased directly by households,Households,,
SNEA.SG02NAC14P30A13E,2014.03,1092,FINAL,Dollars,6,National Accounts - SNA 2008 - SNE,Final Consumption Expenditure,Imports of low value goods purchased directly by households,Households,,
SNEA.SG02NAC14P30A13E,2015.03,1214,FINAL,Dollars,6,National Accounts - SNA 2008 - SNE,Final Consumption Expenditure,Imports of low value goods purchased directly by households,Households,,
SNEA.SG02NAC14P30A13E,2016.03,1343,FINAL,Dollars,6,National Accounts - SNA 2008 - SNE,Final Consumption Expenditure,Imports of low value goods purchased directly by households,Households,,
SNEA.SG02NAC14P30A13E,2017.03,1454,FINAL,Dollars,6,National Accounts - SNA 2008 - SNE,Final Consumption Expenditure,Imports of low value goods purchased directly by households,Households,,
SNEA.SG02NAC14P30A13E,2018.03,1606,FINAL,Dollars,6,National Accounts - SNA 2008 - SNE,Final Consumption Expenditure,Imports of low value goods purchased directly by households,Households,,
SNEA.SG02NAC14P30A13E,2019.03,1853,FINAL,Dollars,6,National Accounts - SNA 2008 - SNE,Final Consumption Expenditure,Imports of low value goods purchased directly by households,Households,,
SNEA.SG02NAC14P30A13E,2020.03,2210,FINAL,Dollars,6,National Accounts - SNA 2008 - SNE,Final Consumption Expenditure,Imports of low value goods purchased directly by households,Households,,
SNEA.SG02NAC14P30A13E,2021.03,2402,FINAL,Dollars,6,National Accounts - SNA 2008 - SNE,Final Consumption Expenditure,Imports of low value goods purchased directly by households,Households,,
SNEA.SG02NAC15P30AE,1988.03,11435,FINAL,Dollars,6,National Accounts - SNA 2008 - SNE,Final Consumption Expenditure,Non Durable Goods,Households,,
SNEA.SG02NAC15P30AE,1989.03,12161,FINAL,Dollars,6,National Accounts - SNA 2008 - SNE,Final Consumption Expenditure,Non Durable Goods,Households,,
SNEA.SG02NAC15P30AE,1990.03,13286,FINAL,Dollars,6,National Accounts - SNA 2008 - SNE,Final Consumption Expenditure,Non Durable Goods,Households,,
SNEA.SG02NAC15P30AE,1991.03,14421,FINAL,Dollars,6,National Accounts - SNA 2008 - SNE,Final Consumption Expenditure,Non Durable Goods,Households,,
SNEA.SG02NAC15P30AE,1992.03,14454,FINAL,Dollars,6,National Accounts - SNA 2008 - SNE,Final Consumption Expenditure,Non Durable Goods,Households,,
SNEA.SG02NAC15P30AE,1993.03,14769,FINAL,Dollars,6,National Accounts - SNA 2008 - SNE,Final Consumption Expenditure,Non Durable Goods,Households,,
SNEA.SG02NAC15P30AE,1994.03,15025,FINAL,Dollars,6,National Accounts - SNA 2008 - SNE,Final Consumption Expenditure,Non Durable Goods,Households,,
SNEA.SG02NAC15P30AE,1995.03,15741,FINAL,Dollars,6,National Accounts - SNA 2008 - SNE,Final Consumption Expenditure,Non Durable Goods,Households,,
SNEA.SG02NAC15P30AE,1996.03,16566,FINAL,Dollars,6,National Accounts - SNA 2008 - SNE,Final Consumption Expenditure,Non Durable Goods,Households,,
SNEA.SG02NAC15P30AE,1997.03,17347,FINAL,Dollars,6,National Accounts - SNA 2008 - SNE,Final Consumption Expenditure,Non Durable Goods,Households,,
SNEA.SG02NAC15P30AE,1998.03,17975,FINAL,Dollars,6,National Accounts - SNA 2008 - SNE,Final Consumption Expenditure,Non Durable Goods,Households,,
SNEA.SG02NAC15P30AE,1999.03,18730,FINAL,Dollars,6,National Accounts - SNA 2008 - SNE,Final Consumption Expenditure,Non Durable Goods,Households,,
SNEA.SG02NAC15P30AE,2000.03,19464,FINAL,Dollars,6,National Accounts - SNA 2008 - SNE,Final Consumption Expenditure,Non Durable Goods,Households,,
SNEA.SG02NAC15P30AE,2001.03,20681,FINAL,Dollars,6,National Accounts - SNA 2008 - SNE,Final Consumption Expenditure,Non Durable Goods,Households,,
SNEA.SG02NAC15P30AE,2002.03,21886,FINAL,Dollars,6,National Accounts - SNA 2008 - SNE,Final Consumption Expenditure,Non Durable Goods,Households,,
SNEA.SG02NAC15P30AE,2003.03,23385,FINAL,Dollars,6,National Accounts - SNA 2008 - SNE,Final Consumption Expenditure,Non Durable Goods,Households,,
SNEA.SG02NAC15P30AE,2004.03,24759,FINAL,Dollars,6,National Accounts - SNA 2008 - SNE,Final Consumption Expenditure,Non Durable Goods,Households,,
SNEA.SG02NAC15P30AE,2005.03,26198,FINAL,Dollars,6,National Accounts - SNA 2008 - SNE,Final Consumption Expenditure,Non Durable Goods,Households,,
SNEA.SG02NAC15P30AE,2006.03,28250,FINAL,Dollars,6,National Accounts - SNA 2008 - SNE,Final Consumption Expenditure,Non Durable Goods,Households,,
SNEA.SG02NAC15P30AE,2007.03,30515,FINAL,Dollars,6,National Accounts - SNA 2008 - SNE,Final Consumption Expenditure,Non Durable Goods,Households,,
SNEA.SG02NAC15P30AE,2008.03,32433,FINAL,Dollars,6,National Accounts - SNA 2008 - SNE,Final Consumption Expenditure,Non Durable Goods,Households,,
SNEA.SG02NAC15P30AE,2009.03,33834,FINAL,Dollars,6,National Accounts - SNA 2008 - SNE,Final Consumption Expenditure,Non Durable Goods,Households,,
SNEA.SG02NAC15P30AE,2010.03,35104,FINAL,Dollars,6,National Accounts - SNA 2008 - SNE,Final Consumption Expenditure,Non Durable Goods,Households,,
SNEA.SG02NAC15P30AE,2011.03,36587,FINAL,Dollars,6,National Accounts - SNA 2008 - SNE,Final Consumption Expenditure,Non Durable Goods,Households,,
SNEA.SG02NAC15P30AE,2012.03,38383,FINAL,Dollars,6,National Accounts - SNA 2008 - SNE,Final Consumption Expenditure,Non Durable Goods,Households,,
SNEA.SG02NAC15P30AE,2013.03,38997,FINAL,Dollars,6,National Accounts - SNA 2008 - SNE,Final Consumption Expenditure,Non Durable Goods,Households,,
SNEA.SG02NAC15P30AE,2014.03,40022,FINAL,Dollars,6,National Accounts - SNA 2008 - SNE,Final Consumption Expenditure,Non Durable Goods,Households,,
SNEA.SG02NAC15P30AE,2015.03,41211,FINAL,Dollars,6,National Accounts - SNA 2008 - SNE,Final Consumption Expenditure,Non Durable Goods,Households,,
SNEA.SG02NAC15P30AE,2016.03,42624,FINAL,Dollars,6,National Accounts - SNA 2008 - SNE,Final Consumption Expenditure,Non Durable Goods,Households,,
SNEA.SG02NAC15P30AE,2017.03,44528,REVISED,Dollars,6,National Accounts - SNA 2008 - SNE,Final Consumption Expenditure,Non Durable Goods,Households,,
SNEA.SG02NAC15P30AE,2018.03,47228,REVISED,Dollars,6,National Accounts - SNA 2008 - SNE,Final Consumption Expenditure,Non Durable Goods,Households,,
SNEA.SG02NAC15P30AE,2019.03,49556,REVISED,Dollars,6,National Accounts - SNA 2008 - SNE,Final Consumption Expenditure,Non Durable Goods,Households,,
SNEA.SG02NAC15P30AE,2020.03,51721,REVISED,Dollars,6,National Accounts - SNA 2008 - SNE,Final Consumption Expenditure,Non Durable Goods,Households,,
SNEA.SG02NAC15P30AE,2021.03,52158,REVISED,Dollars,6,National Accounts - SNA 2008 - SNE,Final Consumption Expenditure,Non Durable Goods,Households,,
SNEA.SG02NAC15P30BE,1988.03,8486,FINAL,Dollars,6,National Accounts - SNA 2008 - SNE,Final Consumption Expenditure,Durable Goods,Households,,
SNEA.SG02NAC15P30BE,1989.03,8454,FINAL,Dollars,6,National Accounts - SNA 2008 - SNE,Final Consumption Expenditure,Durable Goods,Households,,
SNEA.SG02NAC15P30BE,1990.03,8916,FINAL,Dollars,6,National Accounts - SNA 2008 - SNE,Final Consumption Expenditure,Durable Goods,Households,,
SNEA.SG02NAC15P30BE,1991.03,8631,FINAL,Dollars,6,National Accounts - SNA 2008 - SNE,Final Consumption Expenditure,Durable Goods,Households,,
SNEA.SG02NAC15P30BE,1992.03,8204,FINAL,Dollars,6,National Accounts - SNA 2008 - SNE,Final Consumption Expenditure,Durable Goods,Households,,
SNEA.SG02NAC15P30BE,1993.03,8303,FINAL,Dollars,6,National Accounts - SNA 2008 - SNE,Final Consumption Expenditure,Durable Goods,Households,,
SNEA.SG02NAC15P30BE,1994.03,9289,FINAL,Dollars,6,National Accounts - SNA 2008 - SNE,Final Consumption Expenditure,Durable Goods,Households,,
SNEA.SG02NAC15P30BE,1995.03,10447,FINAL,Dollars,6,National Accounts - SNA 2008 - SNE,Final Consumption Expenditure,Durable Goods,Households,,
SNEA.SG02NAC15P30BE,1996.03,10963,FINAL,Dollars,6,National Accounts - SNA 2008 - SNE,Final Consumption Expenditure,Durable Goods,Households,,
SNEA.SG02NAC15P30BE,1997.03,11726,FINAL,Dollars,6,National Accounts - SNA 2008 - SNE,Final Consumption Expenditure,Durable Goods,Households,,
SNEA.SG02NAC15P30BE,1998.03,11190,FINAL,Dollars,6,National Accounts - SNA 2008 - SNE,Final Consumption Expenditure,Durable Goods,Households,,
SNEA.SG02NAC15P30BE,1999.03,11560,FINAL,Dollars,6,National Accounts - SNA 2008 - SNE,Final Consumption Expenditure,Durable Goods,Households,,
SNEA.SG02NAC15P30BE,2000.03,12289,FINAL,Dollars,6,National Accounts - SNA 2008 - SNE,Final Consumption Expenditure,Durable Goods,Households,,
SNEA.SG02NAC15P30BE,2001.03,12397,FINAL,Dollars,6,National Accounts - SNA 2008 - SNE,Final Consumption Expenditure,Durable Goods,Households,,
SNEA.SG02NAC15P30BE,2002.03,13265,FINAL,Dollars,6,National Accounts - SNA 2008 - SNE,Final Consumption Expenditure,Durable Goods,Households,,
SNEA.SG02NAC15P30BE,2003.03,14299,FINAL,Dollars,6,National Accounts - SNA 2008 - SNE,Final Consumption Expenditure,Durable Goods,Households,,
SNEA.SG02NAC15P30BE,2004.03,15055,FINAL,Dollars,6,National Accounts - SNA 2008 - SNE,Final Consumption Expenditure,Durable Goods,Households,,
SNEA.SG02NAC15P30BE,2005.03,15730,FINAL,Dollars,6,National Accounts - SNA 2008 - SNE,Final Consumption Expenditure,Durable Goods,Households,,
SNEA.SG02NAC15P30BE,2006.03,16466,FINAL,Dollars,6,National Accounts - SNA 2008 - SNE,Final Consumption Expenditure,Durable Goods,Households,,
SNEA.SG02NAC15P30BE,2007.03,16823,FINAL,Dollars,6,National Accounts - SNA 2008 - SNE,Final Consumption Expenditure,Durable Goods,Households,,
SNEA.SG02NAC15P30BE,2008.03,17128,FINAL,Dollars,6,National Accounts - SNA 2008 - SNE,Final Consumption Expenditure,Durable Goods,Households,,
SNEA.SG02NAC15P30BE,2009.03,16554,FINAL,Dollars,6,National Accounts - SNA 2008 - SNE,Final Consumption Expenditure,Durable Goods,Households,,
SNEA.SG02NAC15P30BE,2010.03,16914,FINAL,Dollars,6,National Accounts - SNA 2008 - SNE,Final Consumption Expenditure,Durable Goods,Households,,
SNEA.SG02NAC15P30BE,2011.03,17682,FINAL,Dollars,6,National Accounts - SNA 2008 - SNE,Final Consumption Expenditure,Durable Goods,Households,,
SNEA.SG02NAC15P30BE,2012.03,18548,FINAL,Dollars,6,National Accounts - SNA 2008 - SNE,Final Consumption Expenditure,Durable Goods,Households,,
SNEA.SG02NAC15P30BE,2013.03,19069,FINAL,Dollars,6,National Accounts - SNA 2008 - SNE,Final Consumption Expenditure,Durable Goods,Households,,
SNEA.SG02NAC15P30BE,2014.03,20357,FINAL,Dollars,6,National Accounts - SNA 2008 - SNE,Final Consumption Expenditure,Durable Goods,Households,,
SNEA.SG02NAC15P30BE,2015.03,21609,FINAL,Dollars,6,National Accounts - SNA 2008 - SNE,Final Consumption Expenditure,Durable Goods,Households,,
SNEA.SG02NAC15P30BE,2016.03,22886,FINAL,Dollars,6,National Accounts - SNA 2008 - SNE,Final Consumption Expenditure,Durable Goods,Households,,
SNEA.SG02NAC15P30BE,2017.03,24406,FINAL,Dollars,6,National Accounts - SNA 2008 - SNE,Final Consumption Expenditure,Durable Goods,Households,,
SNEA.SG02NAC15P30BE,2018.03,25900,REVISED,Dollars,6,National Accounts - SNA 2008 - SNE,Final Consumption Expenditure,Durable Goods,Households,,
SNEA.SG02NAC15P30BE,2019.03,27105,REVISED,Dollars,6,National Accounts - SNA 2008 - SNE,Final Consumption Expenditure,Durable Goods,Households,,
SNEA.SG02NAC15P30BE,2020.03,27813,REVISED,Dollars,6,National Accounts - SNA 2008 - SNE,Final Consumption Expenditure,Durable Goods,Households,,
SNEA.SG02NAC15P30BE,2021.03,29791,REVISED,Dollars,6,National Accounts - SNA 2008 - SNE,Final Consumption Expenditure,Durable Goods,Households,,
SNEA.SG02NAC15P30CE,1988.03,16948,FINAL,Dollars,6,National Accounts - SNA 2008 - SNE,Final Consumption Expenditure,Services,Households,,
SNEA.SG02NAC15P30CE,1989.03,19400,FINAL,Dollars,6,National Accounts - SNA 2008 - SNE,Final Consumption Expenditure,Services,Households,,
SNEA.SG02NAC15P30CE,1990.03,20564,FINAL,Dollars,6,National Accounts - SNA 2008 - SNE,Final Consumption Expenditure,Services,Households,,
SNEA.SG02NAC15P30CE,1991.03,21913,FINAL,Dollars,6,National Accounts - SNA 2008 - SNE,Final Consumption Expenditure,Services,Households,,
SNEA.SG02NAC15P30CE,1992.03,22049,FINAL,Dollars,6,National Accounts - SNA 2008 - SNE,Final Consumption Expenditure,Services,Households,,
SNEA.SG02NAC15P30CE,1993.03,22434,FINAL,Dollars,6,National Accounts - SNA 2008 - SNE,Final Consumption Expenditure,Services,Households,,
SNEA.SG02NAC15P30CE,1994.03,23127,FINAL,Dollars,6,National Accounts - SNA 2008 - SNE,Final Consumption Expenditure,Services,Households,,
SNEA.SG02NAC15P30CE,1995.03,24972,FINAL,Dollars,6,National Accounts - SNA 2008 - SNE,Final Consumption Expenditure,Services,Households,,
SNEA.SG02NAC15P30CE,1996.03,26949,FINAL,Dollars,6,National Accounts - SNA 2008 - SNE,Final Consumption Expenditure,Services,Households,,
SNEA.SG02NAC15P30CE,1997.03,29041,FINAL,Dollars,6,National Accounts - SNA 2008 - SNE,Final Consumption Expenditure,Services,Households,,
SNEA.SG02NAC15P30CE,1998.03,31173,FINAL,Dollars,6,National Accounts - SNA 2008 - SNE,Final Consumption Expenditure,Services,Households,,
SNEA.SG02NAC15P30CE,1999.03,32557,FINAL,Dollars,6,National Accounts - SNA 2008 - SNE,Final Consumption Expenditure,Services,Households,,
SNEA.SG02NAC15P30CE,2000.03,33473,FINAL,Dollars,6,National Accounts - SNA 2008 - SNE,Final Consumption Expenditure,Services,Households,,
SNEA.SG02NAC15P30CE,2001.03,34597,FINAL,Dollars,6,National Accounts - SNA 2008 - SNE,Final Consumption Expenditure,Services,Households,,
SNEA.SG02NAC15P30CE,2002.03,35766,FINAL,Dollars,6,National Accounts - SNA 2008 - SNE,Final Consumption Expenditure,Services,Households,,
SNEA.SG02NAC15P30CE,2003.03,38120,FINAL,Dollars,6,National Accounts - SNA 2008 - SNE,Final Consumption Expenditure,Services,Households,,
SNEA.SG02NAC15P30CE,2004.03,40958,FINAL,Dollars,6,National Accounts - SNA 2008 - SNE,Final Consumption Expenditure,Services,Households,,
SNEA.SG02NAC15P30CE,2005.03,44198,FINAL,Dollars,6,National Accounts - SNA 2008 - SNE,Final Consumption Expenditure,Services,Households,,
SNEA.SG02NAC15P30CE,2006.03,47140,FINAL,Dollars,6,National Accounts - SNA 2008 - SNE,Final Consumption Expenditure,Services,Households,,
SNEA.SG02NAC15P30CE,2007.03,50117,FINAL,Dollars,6,National Accounts - SNA 2008 - SNE,Final Consumption Expenditure,Services,Households,,
SNEA.SG02NAC15P30CE,2008.03,53202,FINAL,Dollars,6,National Accounts - SNA 2008 - SNE,Final Consumption Expenditure,Services,Households,,
SNEA.SG02NAC15P30CE,2009.03,55447,FINAL,Dollars,6,National Accounts - SNA 2008 - SNE,Final Consumption Expenditure,Services,Households,,
SNEA.SG02NAC15P30CE,2010.03,57598,FINAL,Dollars,6,National Accounts - SNA 2008 - SNE,Final Consumption Expenditure,Services,Households,,
SNEA.SG02NAC15P30CE,2011.03,60115,FINAL,Dollars,6,National Accounts - SNA 2008 - SNE,Final Consumption Expenditure,Services,Households,,
SNEA.SG02NAC15P30CE,2012.03,63795,FINAL,Dollars,6,National Accounts - SNA 2008 - SNE,Final Consumption Expenditure,Services,Households,,
SNEA.SG02NAC15P30CE,2013.03,66367,FINAL,Dollars,6,National Accounts - SNA 2008 - SNE,Final Consumption Expenditure,Services,Households,,
SNEA.SG02NAC15P30CE,2014.03,69699,FINAL,Dollars,6,National Accounts - SNA 2008 - SNE,Final Consumption Expenditure,Services,Households,,
SNEA.SG02NAC15P30CE,2015.03,72528,FINAL,Dollars,6,National Accounts - SNA 2008 - SNE,Final Consumption Expenditure,Services,Households,,
SNEA.SG02NAC15P30CE,2016.03,76781,FINAL,Dollars,6,National Accounts - SNA 2008 - SNE,Final Consumption Expenditure,Services,Households,,
SNEA.SG02NAC15P30CE,2017.03,83933,REVISED,Dollars,6,National Accounts - SNA 2008 - SNE,Final Consumption Expenditure,Services,Households,,
SNEA.SG02NAC15P30CE,2018.03,89151,REVISED,Dollars,6,National Accounts - SNA 2008 - SNE,Final Consumption Expenditure,Services,Households,,
SNEA.SG02NAC15P30CE,2019.03,95407,REVISED,Dollars,6,National Accounts - SNA 2008 - SNE,Final Consumption Expenditure,Services,Households,,
SNEA.SG02NAC15P30CE,2020.03,99966,REVISED,Dollars,6,National Accounts - SNA 2008 - SNE,Final Consumption Expenditure,Services,Households,,
SNEA.SG02NAC15P30CE,2021.03,100780,REVISED,Dollars,6,National Accounts - SNA 2008 - SNE,Final Consumption Expenditure,Services,Households,,
SNEA.SG02NAC15P30DE,2000.03,4,FINAL,Dollars,6,National Accounts - SNA 2008 - SNE,Final Consumption Expenditure,Imports of low value goods purchased directly by households,Households,,
SNEA.SG02NAC15P30DE,2001.03,19,FINAL,Dollars,6,National Accounts - SNA 2008 - SNE,Final Consumption Expenditure,Imports of low value goods purchased directly by households,Households,,
SNEA.SG02NAC15P30DE,2002.03,60,FINAL,Dollars,6,National Accounts - SNA 2008 - SNE,Final Consumption Expenditure,Imports of low value goods purchased directly by households,Households,,
SNEA.SG02NAC15P30DE,2003.03,94,FINAL,Dollars,6,National Accounts - SNA 2008 - SNE,Final Consumption Expenditure,Imports of low value goods purchased directly by households,Households,,
SNEA.SG02NAC15P30DE,2004.03,211,FINAL,Dollars,6,National Accounts - SNA 2008 - SNE,Final Consumption Expenditure,Imports of low value goods purchased directly by households,Households,,
SNEA.SG02NAC15P30DE,2005.03,578,FINAL,Dollars,6,National Accounts - SNA 2008 - SNE,Final Consumption Expenditure,Imports of low value goods purchased directly by households,Households,,
SNEA.SG02NAC15P30DE,2006.03,783,FINAL,Dollars,6,National Accounts - SNA 2008 - SNE,Final Consumption Expenditure,Imports of low value goods purchased directly by households,Households,,
SNEA.SG02NAC15P30DE,2007.03,670,FINAL,Dollars,6,National Accounts - SNA 2008 - SNE,Final Consumption Expenditure,Imports of low value goods purchased directly by households,Households,,
SNEA.SG02NAC15P30DE,2008.03,688,FINAL,Dollars,6,National Accounts - SNA 2008 - SNE,Final Consumption Expenditure,Imports of low value goods purchased directly by households,Households,,
SNEA.SG02NAC15P30DE,2009.03,758,FINAL,Dollars,6,National Accounts - SNA 2008 - SNE,Final Consumption Expenditure,Imports of low value goods purchased directly by households,Households,,
SNEA.SG02NAC15P30DE,2010.03,561,FINAL,Dollars,6,National Accounts - SNA 2008 - SNE,Final Consumption Expenditure,Imports of low value goods purchased directly by households,Households,,
SNEA.SG02NAC15P30DE,2011.03,553,FINAL,Dollars,6,National Accounts - SNA 2008 - SNE,Final Consumption Expenditure,Imports of low value goods purchased directly by households,Households,,
SNEA.SG02NAC15P30DE,2012.03,740,FINAL,Dollars,6,National Accounts - SNA 2008 - SNE,Final Consumption Expenditure,Imports of low value goods purchased directly by households,Households,,
SNEA.SG02NAC15P30DE,2013.03,916,FINAL,Dollars,6,National Accounts - SNA 2008 - SNE,Final Consumption Expenditure,Imports of low value goods purchased directly by households,Households,,
SNEA.SG02NAC15P30DE,2014.03,1092,FINAL,Dollars,6,National Accounts - SNA 2008 - SNE,Final Consumption Expenditure,Imports of low value goods purchased directly by households,Households,,
SNEA.SG02NAC15P30DE,2015.03,1214,FINAL,Dollars,6,National Accounts - SNA 2008 - SNE,Final Consumption Expenditure,Imports of low value goods purchased directly by households,Households,,
SNEA.SG02NAC15P30DE,2016.03,1343,FINAL,Dollars,6,National Accounts - SNA 2008 - SNE,Final Consumption Expenditure,Imports of low value goods purchased directly by households,Households,,
SNEA.SG02NAC15P30DE,2017.03,1454,FINAL,Dollars,6,National Accounts - SNA 2008 - SNE,Final Consumption Expenditure,Imports of low value goods purchased directly by households,Households,,
SNEA.SG02NAC15P30DE,2018.03,1606,FINAL,Dollars,6,National Accounts - SNA 2008 - SNE,Final Consumption Expenditure,Imports of low value goods purchased directly by households,Households,,
SNEA.SG02NAC15P30DE,2019.03,1853,FINAL,Dollars,6,National Accounts - SNA 2008 - SNE,Final Consumption Expenditure,Imports of low value goods purchased directly by households,Households,,
SNEA.SG02NAC15P30DE,2020.03,2210,FINAL,Dollars,6,National Accounts - SNA 2008 - SNE,Final Consumption Expenditure,Imports of low value goods purchased directly by households,Households,,
SNEA.SG02NAC15P30DE,2021.03,2402,FINAL,Dollars,6,National Accounts - SNA 2008 - SNE,Final Consumption Expenditure,Imports of low value goods purchased directly by households,Households,,
SNEA.SG02NAC15P30ZE,1988.03,36869,FINAL,Dollars,6,National Accounts - SNA 2008 - SNE,Final Consumption Expenditure,Final Consumption Expenditure of Resident Household,Households,,
SNEA.SG02NAC15P30ZE,1989.03,40016,FINAL,Dollars,6,National Accounts - SNA 2008 - SNE,Final Consumption Expenditure,Final Consumption Expenditure of Resident Household,Households,,
SNEA.SG02NAC15P30ZE,1990.03,42766,FINAL,Dollars,6,National Accounts - SNA 2008 - SNE,Final Consumption Expenditure,Final Consumption Expenditure of Resident Household,Households,,
SNEA.SG02NAC15P30ZE,1991.03,44965,FINAL,Dollars,6,National Accounts - SNA 2008 - SNE,Final Consumption Expenditure,Final Consumption Expenditure of Resident Household,Households,,
SNEA.SG02NAC15P30ZE,1992.03,44707,FINAL,Dollars,6,National Accounts - SNA 2008 - SNE,Final Consumption Expenditure,Final Consumption Expenditure of Resident Household,Households,,
SNEA.SG02NAC15P30ZE,1993.03,45506,FINAL,Dollars,6,National Accounts - SNA 2008 - SNE,Final Consumption Expenditure,Final Consumption Expenditure of Resident Household,Households,,
SNEA.SG02NAC15P30ZE,1994.03,47442,FINAL,Dollars,6,National Accounts - SNA 2008 - SNE,Final Consumption Expenditure,Final Consumption Expenditure of Resident Household,Households,,
SNEA.SG02NAC15P30ZE,1995.03,51160,FINAL,Dollars,6,National Accounts - SNA 2008 - SNE,Final Consumption Expenditure,Final Consumption Expenditure of Resident Household,Households,,
SNEA.SG02NAC15P30ZE,1996.03,54478,FINAL,Dollars,6,National Accounts - SNA 2008 - SNE,Final Consumption Expenditure,Final Consumption Expenditure of Resident Household,Households,,
SNEA.SG02NAC15P30ZE,1997.03,58113,FINAL,Dollars,6,National Accounts - SNA 2008 - SNE,Final Consumption Expenditure,Final Consumption Expenditure of Resident Household,Households,,
SNEA.SG02NAC15P30ZE,1998.03,60337,FINAL,Dollars,6,National Accounts - SNA 2008 - SNE,Final Consumption Expenditure,Final Consumption Expenditure of Resident Household,Households,,
SNEA.SG02NAC15P30ZE,1999.03,62847,FINAL,Dollars,6,National Accounts - SNA 2008 - SNE,Final Consumption Expenditure,Final Consumption Expenditure of Resident Household,Households,,
SNEA.SG02NAC15P30ZE,2000.03,65231,FINAL,Dollars,6,National Accounts - SNA 2008 - SNE,Final Consumption Expenditure,Final Consumption Expenditure of Resident Household,Households,,
SNEA.SG02NAC15P30ZE,2001.03,67694,FINAL,Dollars,6,National Accounts - SNA 2008 - SNE,Final Consumption Expenditure,Final Consumption Expenditure of Resident Household,Households,,
SNEA.SG02NAC15P30ZE,2002.03,70977,FINAL,Dollars,6,National Accounts - SNA 2008 - SNE,Final Consumption Expenditure,Final Consumption Expenditure of Resident Household,Households,,
SNEA.SG02NAC15P30ZE,2003.03,75898,FINAL,Dollars,6,National Accounts - SNA 2008 - SNE,Final Consumption Expenditure,Final Consumption Expenditure of Resident Household,Households,,
SNEA.SG02NAC15P30ZE,2004.03,80983,FINAL,Dollars,6,National Accounts - SNA 2008 - SNE,Final Consumption Expenditure,Final Consumption Expenditure of Resident Household,Households,,
SNEA.SG02NAC15P30ZE,2005.03,86703,FINAL,Dollars,6,National Accounts - SNA 2008 - SNE,Final Consumption Expenditure,Final Consumption Expenditure of Resident Household,Households,,
SNEA.SG02NAC15P30ZE,2006.03,92640,FINAL,Dollars,6,National Accounts - SNA 2008 - SNE,Final Consumption Expenditure,Final Consumption Expenditure of Resident Household,Households,,
SNEA.SG02NAC15P30ZE,2007.03,98124,FINAL,Dollars,6,National Accounts - SNA 2008 - SNE,Final Consumption Expenditure,Final Consumption Expenditure of Resident Household,Households,,
SNEA.SG02NAC15P30ZE,2008.03,103451,FINAL,Dollars,6,National Accounts - SNA 2008 - SNE,Final Consumption Expenditure,Final Consumption Expenditure of Resident Household,Households,,
SNEA.SG02NAC15P30ZE,2009.03,106593,FINAL,Dollars,6,National Accounts - SNA 2008 - SNE,Final Consumption Expenditure,Final Consumption Expenditure of Resident Household,Households,,
SNEA.SG02NAC15P30ZE,2010.03,110177,FINAL,Dollars,6,National Accounts - SNA 2008 - SNE,Final Consumption Expenditure,Final Consumption Expenditure of Resident Household,Households,,
SNEA.SG02NAC15P30ZE,2011.03,114938,FINAL,Dollars,6,National Accounts - SNA 2008 - SNE,Final Consumption Expenditure,Final Consumption Expenditure of Resident Household,Households,,
SNEA.SG02NAC15P30ZE,2012.03,121466,FINAL,Dollars,6,National Accounts - SNA 2008 - SNE,Final Consumption Expenditure,Final Consumption Expenditure of Resident Household,Households,,
SNEA.SG02NAC15P30ZE,2013.03,125350,FINAL,Dollars,6,National Accounts - SNA 2008 - SNE,Final Consumption Expenditure,Final Consumption Expenditure of Resident Household,Households,,
SNEA.SG02NAC15P30ZE,2014.03,131170,FINAL,Dollars,6,National Accounts - SNA 2008 - SNE,Final Consumption Expenditure,Final Consumption Expenditure of Resident Household,Households,,
SNEA.SG02NAC15P30ZE,2015.03,136563,FINAL,Dollars,6,National Accounts - SNA 2008 - SNE,Final Consumption Expenditure,Final Consumption Expenditure of Resident Household,Households,,
SNEA.SG02NAC15P30ZE,2016.03,143635,FINAL,Dollars,6,National Accounts - SNA 2008 - SNE,Final Consumption Expenditure,Final Consumption Expenditure of Resident Household,Households,,
SNEA.SG02NAC15P30ZE,2017.03,154321,REVISED,Dollars,6,National Accounts - SNA 2008 - SNE,Final Consumption Expenditure,Final Consumption Expenditure of Resident Household,Households,,
SNEA.SG02NAC15P30ZE,2018.03,163885,REVISED,Dollars,6,National Accounts - SNA 2008 - SNE,Final Consumption Expenditure,Final Consumption Expenditure of Resident Household,Households,,
SNEA.SG02NAC15P30ZE,2019.03,173921,REVISED,Dollars,6,National Accounts - SNA 2008 - SNE,Final Consumption Expenditure,Final Consumption Expenditure of Resident Household,Households,,
SNEA.SG02NAC15P30ZE,2020.03,181711,REVISED,Dollars,6,National Accounts - SNA 2008 - SNE,Final Consumption Expenditure,Final Consumption Expenditure of Resident Household,Households,,
SNEA.SG02NAC15P30ZE,2021.03,185132,REVISED,Dollars,6,National Accounts - SNA 2008 - SNE,Final Consumption Expenditure,Final Consumption Expenditure of Resident Household,Households,,
